alert_id,review_priority,review_status,metric_name,service_date,hour_of_day,PULocationID,pickup_borough,pickup_zone,current_trip_count,observed_value,baseline_value,robust_z,relative_deviation,direction,investigation_prompt,interpretation_boundary,reviewer,review_notes,disposition
a_0a52ae20d307aa1c,high,pending,trip_volume,2026-01-01,0,4,Manhattan,Alphabet City,78,78.0,11.5,11.213408876298395,5.782608695652174,high,Review source records and operational context for this zone-hour deviation.,"Investigation prompt only. This alert does not establish cause, fraud, fault, or a prescribed action.","","",""
a_852ce5978bad5afd,high,pending,trip_volume,2026-01-01,1,4,Manhattan,Alphabet City,85,85.0,6.5,78.5,12.076923076923077,high,Review source records and operational context for this zone-hour deviation.,"Investigation prompt only. This alert does not establish cause, fraud, fault, or a prescribed action.","","",""
a_238919f39bd1d332,high,pending,trip_volume,2026-01-01,3,4,Manhattan,Alphabet City,84,84.0,2.5,54.97099689734251,32.6,high,Review source records and operational context for this zone-hour deviation.,"Investigation prompt only. This alert does not establish cause, fraud, fault, or a prescribed action.","","",""
a_fa6e693e3c12aecd,high,pending,trip_volume,2026-01-01,3,37,Brooklyn,Bushwick South,92,92.0,1.5,90.5,60.333333333333336,high,Review source records and operational context for this zone-hour deviation.,"Investigation prompt only. This alert does not establish cause, fraud, fault, or a prescribed action.","","",""
a_5445f8868d535d58,high,pending,trip_volume,2026-01-01,4,37,Brooklyn,Bushwick South,84,84.0,4.0,53.95926075812762,20.0,high,Review source records and operational context for this zone-hour deviation.,"Investigation prompt only. This alert does not establish cause, fraud, fault, or a prescribed action.","","",""
a_abc9d2008cb04427,high,pending,trip_volume,2026-01-01,1,41,Manhattan,Central Harlem,127,127.0,4.0,82.96236341562121,30.75,high,Review source records and operational context for this zone-hour deviation.,"Investigation prompt only. This alert does not establish cause, fraud, fault, or a prescribed action.","","",""
a_6f0516b20d97c4bc,high,pending,trip_volume,2026-01-01,0,43,Manhattan,Central Park,166,166.0,6.0,71.94568101083682,26.666666666666668,high,Review source records and operational context for this zone-hour deviation.,"Investigation prompt only. This alert does not establish cause, fraud, fault, or a prescribed action.","","",""
a_3a2476d7f0686c97,high,pending,trip_volume,2026-01-01,1,43,Manhattan,Central Park,99,99.0,2.5,96.5,38.6,high,Review source records and operational context for this zone-hour deviation.,"Investigation prompt only. This alert does not establish cause, fraud, fault, or a prescribed action.","","",""
a_08000210dfa9c51c,high,pending,trip_volume,2026-01-01,1,48,Manhattan,Clinton East,230,230.0,43.5,41.93084221412833,4.287356321839081,high,Review source records and operational context for this zone-hour deviation.,"Investigation prompt only. This alert does not establish cause, fraud, fault, or a prescribed action.","","",""
a_faac6afe1297ea60,high,pending,trip_volume,2026-01-01,2,48,Manhattan,Clinton East,291,291.0,28.5,25.29340348037232,9.210526315789474,high,Review source records and operational context for this zone-hour deviation.,"Investigation prompt only. This alert does not establish cause, fraud, fault, or a prescribed action.","","",""
a_69dc3ee321b81b65,high,pending,trip_volume,2026-01-01,3,48,Manhattan,Clinton East,251,251.0,22.0,77.22919196007015,10.409090909090908,high,Review source records and operational context for this zone-hour deviation.,"Investigation prompt only. This alert does not establish cause, fraud, fault, or a prescribed action.","","",""
a_809df792e5dfff27,high,pending,trip_volume,2026-01-01,4,48,Manhattan,Clinton East,182,182.0,23.5,35.63559512568011,6.74468085106383,high,Review source records and operational context for this zone-hour deviation.,"Investigation prompt only. This alert does not establish cause, fraud, fault, or a prescribed action.","","",""
a_09396783eb44dd35,high,pending,trip_volume,2026-01-01,0,50,Manhattan,Clinton West,105,105.0,10.0,25.630648860110618,9.5,high,Review source records and operational context for this zone-hour deviation.,"Investigation prompt only. This alert does not establish cause, fraud, fault, or a prescribed action.","","",""
a_9eb27d0ff6dc5128,high,pending,median_fare_per_mile,2026-01-01,1,50,Manhattan,Clinton West,145,9.756785714285714,5.134340301119714,12.145075006340612,0.9002997740835218,high,Review source records and operational context for this zone-hour deviation.,"Investigation prompt only. This alert does not establish cause, fraud, fault, or a prescribed action.","","",""
a_f6d869f855c866cd,high,pending,trip_volume,2026-01-01,1,50,Manhattan,Clinton West,145,145.0,7.0,46.53986240388507,19.714285714285715,high,Review source records and operational context for this zone-hour deviation.,"Investigation prompt only. This alert does not establish cause, fraud, fault, or a prescribed action.","","",""
a_a5eea1d159264bde,high,pending,trip_volume,2026-01-01,2,50,Manhattan,Clinton West,90,90.0,4.0,38.67080354332479,21.5,high,Review source records and operational context for this zone-hour deviation.,"Investigation prompt only. This alert does not establish cause, fraud, fault, or a prescribed action.","","",""
a_969afd1d67458a43,high,pending,trip_volume,2026-01-01,0,68,Manhattan,East Chelsea,200,200.0,47.5,17.143306803363462,3.210526315789474,high,Review source records and operational context for this zone-hour deviation.,"Investigation prompt only. This alert does not establish cause, fraud, fault, or a prescribed action.","","",""
a_55aff3bab1111f0f,high,pending,gross_fare_per_trip,2026-01-01,1,68,Manhattan,East Chelsea,203,43.17157635467979,24.406318373071528,16.065694492346577,0.7688688516950892,high,Review source records and operational context for this zone-hour deviation.,"Investigation prompt only. This alert does not establish cause, fraud, fault, or a prescribed action.","","",""
a_64b374eea04bd7a3,high,pending,trip_volume,2026-01-01,1,68,Manhattan,East Chelsea,203,203.0,21.5,40.80669094833401,8.44186046511628,high,Review source records and operational context for this zone-hour deviation.,"Investigation prompt only. This alert does not establish cause, fraud, fault, or a prescribed action.","","",""
a_f6aafeefb04ee4d5,high,pending,trip_volume,2026-01-01,2,68,Manhattan,East Chelsea,162,162.0,19.5,64.07662215027653,7.3076923076923075,high,Review source records and operational context for this zone-hour deviation.,"Investigation prompt only. This alert does not establish cause, fraud, fault, or a prescribed action.","","",""
a_e8e95b6b46f493a2,high,pending,trip_volume,2026-01-01,3,68,Manhattan,East Chelsea,187,187.0,10.5,59.523809523809526,16.80952380952381,high,Review source records and operational context for this zone-hour deviation.,"Investigation prompt only. This alert does not establish cause, fraud, fault, or a prescribed action.","","",""
a_036d41e9f2fc2e80,high,pending,trip_volume,2026-01-01,4,68,Manhattan,East Chelsea,116,116.0,7.5,73.18224740321058,14.466666666666667,high,Review source records and operational context for this zone-hour deviation.,"Investigation prompt only. This alert does not establish cause, fraud, fault, or a prescribed action.","","",""
a_d822610800d3518c,high,pending,trip_volume,2026-01-01,1,75,Manhattan,East Harlem South,91,91.0,6.0,85.0,14.166666666666666,high,Review source records and operational context for this zone-hour deviation.,"Investigation prompt only. This alert does not establish cause, fraud, fault, or a prescribed action.","","",""
a_2527990d9fb6c97c,high,pending,trip_volume,2026-01-01,0,79,Manhattan,East Village,432,432.0,81.5,22.51514392348063,4.300613496932515,high,Review source records and operational context for this zone-hour deviation.,"Investigation prompt only. This alert does not establish cause, fraud, fault, or a prescribed action.","","",""
a_8886a836d5e0b9a3,high,pending,trip_volume,2026-01-01,1,79,Manhattan,East Village,459,459.0,48.0,42.64856956075087,8.5625,high,Review source records and operational context for this zone-hour deviation.,"Investigation prompt only. This alert does not establish cause, fraud, fault, or a prescribed action.","","",""
a_14b49d3f43a37817,high,pending,trip_volume,2026-01-01,2,79,Manhattan,East Village,560,560.0,26.5,102.81166290878959,20.132075471698112,high,Review source records and operational context for this zone-hour deviation.,"Investigation prompt only. This alert does not establish cause, fraud, fault, or a prescribed action.","","",""
a_8bcd594f54c7b293,high,pending,trip_volume,2026-01-01,3,79,Manhattan,East Village,576,576.0,24.0,186.15944961554027,23.0,high,Review source records and operational context for this zone-hour deviation.,"Investigation prompt only. This alert does not establish cause, fraud, fault, or a prescribed action.","","",""
a_4a412a6115ab6321,high,pending,trip_volume,2026-01-01,4,79,Manhattan,East Village,326,326.0,16.0,83.63685417509781,19.375,high,Review source records and operational context for this zone-hour deviation.,"Investigation prompt only. This alert does not establish cause, fraud, fault, or a prescribed action.","","",""
a_351ec49e391d2cda,high,pending,trip_volume,2026-01-01,5,79,Manhattan,East Village,127,127.0,23.5,13.961958721165521,4.404255319148936,high,Review source records and operational context for this zone-hour deviation.,"Investigation prompt only. This alert does not establish cause, fraud, fault, or a prescribed action.","","",""
a_15e27847acbc1942,high,pending,trip_volume,2026-01-01,0,87,Manhattan,Financial District North,99,99.0,16.5,27.822743828409553,5.0,high,Review source records and operational context for this zone-hour deviation.,"Investigation prompt only. This alert does not establish cause, fraud, fault, or a prescribed action.","","",""
a_fe129bf58f227a95,high,pending,trip_volume,2026-01-01,1,87,Manhattan,Financial District North,130,130.0,8.0,54.858581770763074,15.25,high,Review source records and operational context for this zone-hour deviation.,"Investigation prompt only. This alert does not establish cause, fraud, fault, or a prescribed action.","","",""
a_3a5b49ac10235fde,high,pending,trip_volume,2026-01-01,2,87,Manhattan,Financial District North,90,90.0,2.5,87.5,35.0,high,Review source records and operational context for this zone-hour deviation.,"Investigation prompt only. This alert does not establish cause, fraud, fault, or a prescribed action.","","",""
a_b121de1385c272e6,high,pending,trip_volume,2026-01-01,3,87,Manhattan,Financial District North,90,90.0,2.5,87.5,35.0,high,Review source records and operational context for this zone-hour deviation.,"Investigation prompt only. This alert does not establish cause, fraud, fault, or a prescribed action.","","",""
a_b471352691801998,high,pending,trip_volume,2026-01-01,0,90,Manhattan,Flatiron,184,184.0,35.5,33.38729259409146,4.183098591549296,high,Review source records and operational context for this zone-hour deviation.,"Investigation prompt only. This alert does not establish cause, fraud, fault, or a prescribed action.","","",""
a_86f59993a247d838,high,pending,trip_volume,2026-01-01,1,90,Manhattan,Flatiron,153,153.0,15.0,37.23188992310806,9.2,high,Review source records and operational context for this zone-hour deviation.,"Investigation prompt only. This alert does not establish cause, fraud, fault, or a prescribed action.","","",""
a_bd818a9e605228bb,high,pending,trip_volume,2026-01-01,2,90,Manhattan,Flatiron,169,169.0,6.5,73.06983227663115,25.0,high,Review source records and operational context for this zone-hour deviation.,"Investigation prompt only. This alert does not establish cause, fraud, fault, or a prescribed action.","","",""
a_05083591e23a8247,high,pending,trip_volume,2026-01-01,3,90,Manhattan,Flatiron,162,162.0,7.0,155.0,22.142857142857142,high,Review source records and operational context for this zone-hour deviation.,"Investigation prompt only. This alert does not establish cause, fraud, fault, or a prescribed action.","","",""
a_13cffc70782faf85,high,pending,trip_volume,2026-01-01,4,90,Manhattan,Flatiron,106,106.0,5.0,45.41571113809074,20.2,high,Review source records and operational context for this zone-hour deviation.,"Investigation prompt only. This alert does not establish cause, fraud, fault, or a prescribed action.","","",""
a_e3d31403bc5b6739,high,pending,trip_volume,2026-01-01,0,107,Manhattan,Gramercy,232,232.0,36.5,43.95431449255812,5.3561643835616435,high,Review source records and operational context for this zone-hour deviation.,"Investigation prompt only. This alert does not establish cause, fraud, fault, or a prescribed action.","","",""
a_6e17137ab801ff0b,high,pending,trip_volume,2026-01-01,1,107,Manhattan,Gramercy,256,256.0,15.5,108.1433517694141,15.516129032258064,high,Review source records and operational context for this zone-hour deviation.,"Investigation prompt only. This alert does not establish cause, fraud, fault, or a prescribed action.","","",""
a_54940f7dd54ba9a9,high,pending,trip_volume,2026-01-01,2,107,Manhattan,Gramercy,245,245.0,9.0,106.1198794909843,26.22222222222222,high,Review source records and operational context for this zone-hour deviation.,"Investigation prompt only. This alert does not establish cause, fraud, fault, or a prescribed action.","","",""
a_0d59f5fc09e5f1db,high,pending,median_fare_per_mile,2026-01-01,3,107,Manhattan,Gramercy,199,8.178146258503402,4.536410860940269,14.338909808351893,0.80277900507634,high,Review source records and operational context for this zone-hour deviation.,"Investigation prompt only. This alert does not establish cause, fraud, fault, or a prescribed action.","","",""
a_2c33fd846de17562,high,pending,trip_volume,2026-01-01,3,107,Manhattan,Gramercy,199,199.0,6.5,86.55964746616304,29.615384615384617,high,Review source records and operational context for this zone-hour deviation.,"Investigation prompt only. This alert does not establish cause, fraud, fault, or a prescribed action.","","",""
a_c7ef97203862e8fa,high,pending,trip_volume,2026-01-01,4,107,Manhattan,Gramercy,118,118.0,8.0,110.0,13.75,high,Review source records and operational context for this zone-hour deviation.,"Investigation prompt only. This alert does not establish cause, fraud, fault, or a prescribed action.","","",""
a_12cd441bf51160e3,high,pending,trip_volume,2026-01-01,0,113,Manhattan,Greenwich Village North,132,132.0,32.0,22.483025315886504,3.125,high,Review source records and operational context for this zone-hour deviation.,"Investigation prompt only. This alert does not establish cause, fraud, fault, or a prescribed action.","","",""
a_33607043275f788e,high,pending,trip_volume,2026-01-01,1,113,Manhattan,Greenwich Village North,109,109.0,11.5,18.789385442562295,8.478260869565217,high,Review source records and operational context for this zone-hour deviation.,"Investigation prompt only. This alert does not establish cause, fraud, fault, or a prescribed action.","","",""
a_88d8de7f80e9c65b,high,pending,trip_volume,2026-01-01,2,113,Manhattan,Greenwich Village North,117,117.0,9.0,72.84500202347228,12.0,high,Review source records and operational context for this zone-hour deviation.,"Investigation prompt only. This alert does not establish cause, fraud, fault, or a prescribed action.","","",""
a_9a6a38afbde48066,high,pending,trip_volume,2026-01-01,3,113,Manhattan,Greenwich Village North,117,117.0,1.0,116.0,116.0,high,Review source records and operational context for this zone-hour deviation.,"Investigation prompt only. This alert does not establish cause, fraud, fault, or a prescribed action.","","",""
a_ec1b9f50849ad44a,high,pending,trip_volume,2026-01-01,0,114,Manhattan,Greenwich Village South,262,262.0,80.5,11.65905455666686,2.2546583850931676,high,Review source records and operational context for this zone-hour deviation.,"Investigation prompt only. This alert does not establish cause, fraud, fault, or a prescribed action.","","",""
a_beeab5335f10a599,high,pending,gross_fare_per_trip,2026-01-01,1,114,Manhattan,Greenwich Village South,184,45.93429347826087,24.874119047619043,17.613817486964546,0.8466701630849399,high,Review source records and operational context for this zone-hour deviation.,"Investigation prompt only. This alert does not establish cause, fraud, fault, or a prescribed action.","","",""
a_20b7cff4e68d4424,high,pending,median_fare_per_mile,2026-01-01,1,114,Manhattan,Greenwich Village South,184,10.695378634523372,5.9976611617026565,10.380402432020702,0.7832582311947572,high,Review source records and operational context for this zone-hour deviation.,"Investigation prompt only. This alert does not establish cause, fraud, fault, or a prescribed action.","","",""
a_16ee8cfc1561638c,high,pending,trip_volume,2026-01-01,1,114,Manhattan,Greenwich Village South,184,184.0,33.5,33.83695310040919,4.492537313432836,high,Review source records and operational context for this zone-hour deviation.,"Investigation prompt only. This alert does not establish cause, fraud, fault, or a prescribed action.","","",""
a_e83869dab684ef6e,high,pending,trip_volume,2026-01-01,2,114,Manhattan,Greenwich Village South,197,197.0,17.5,30.26777283151221,10.257142857142858,high,Review source records and operational context for this zone-hour deviation.,"Investigation prompt only. This alert does not establish cause, fraud, fault, or a prescribed action.","","",""
a_1368dd42571a055a,high,pending,trip_volume,2026-01-01,3,114,Manhattan,Greenwich Village South,177,177.0,6.0,76.89194658033185,28.5,high,Review source records and operational context for this zone-hour deviation.,"Investigation prompt only. This alert does not establish cause, fraud, fault, or a prescribed action.","","",""
a_7172bdaf891e8e44,high,pending,trip_volume,2026-01-01,4,114,Manhattan,Greenwich Village South,94,94.0,2.5,91.5,36.6,high,Review source records and operational context for this zone-hour deviation.,"Investigation prompt only. This alert does not establish cause, fraud, fault, or a prescribed action.","","",""
a_12c0b85274c9d03e,high,pending,trip_volume,2026-01-01,0,137,Manhattan,Kips Bay,136,136.0,34.0,13.759611493322543,3.0,high,Review source records and operational context for this zone-hour deviation.,"Investigation prompt only. This alert does not establish cause, fraud, fault, or a prescribed action.","","",""
a_7060825030f1844a,high,pending,trip_volume,2026-01-01,1,137,Manhattan,Kips Bay,219,219.0,16.0,203.0,12.6875,high,Review source records and operational context for this zone-hour deviation.,"Investigation prompt only. This alert does not establish cause, fraud, fault, or a prescribed action.","","",""
a_dbb90bea25ce917d,high,pending,trip_volume,2026-01-01,2,137,Manhattan,Kips Bay,136,136.0,10.0,126.0,12.6,high,Review source records and operational context for this zone-hour deviation.,"Investigation prompt only. This alert does not establish cause, fraud, fault, or a prescribed action.","","",""
a_0e10d7340ecdd4d6,high,pending,trip_volume,2026-01-01,3,137,Manhattan,Kips Bay,94,94.0,8.5,23.067583974099556,10.058823529411764,high,Review source records and operational context for this zone-hour deviation.,"Investigation prompt only. This alert does not establish cause, fraud, fault, or a prescribed action.","","",""
a_8deb32a3699e109d,high,pending,trip_volume,2026-01-01,4,137,Manhattan,Kips Bay,77,77.0,4.0,73.0,18.25,high,Review source records and operational context for this zone-hour deviation.,"Investigation prompt only. This alert does not establish cause, fraud, fault, or a prescribed action.","","",""
a_cde854bbbb7b1ba4,high,pending,trip_volume,2026-01-01,0,140,Manhattan,Lenox Hill East,99,99.0,21.0,26.305139619587212,3.7142857142857144,high,Review source records and operational context for this zone-hour deviation.,"Investigation prompt only. This alert does not establish cause, fraud, fault, or a prescribed action.","","",""
a_460acc8c6d4eb640,high,pending,trip_volume,2026-01-01,1,140,Manhattan,Lenox Hill East,93,93.0,7.5,57.66895993524889,11.4,high,Review source records and operational context for this zone-hour deviation.,"Investigation prompt only. This alert does not establish cause, fraud, fault, or a prescribed action.","","",""
a_97a5405de0f3c135,high,pending,trip_volume,2026-01-01,0,141,Manhattan,Lenox Hill West,228,228.0,25.0,203.0,8.12,high,Review source records and operational context for this zone-hour deviation.,"Investigation prompt only. This alert does not establish cause, fraud, fault, or a prescribed action.","","",""
a_db679ccb9e8a35c1,high,pending,trip_volume,2026-01-01,1,141,Manhattan,Lenox Hill West,262,262.0,15.0,166.599217590719,16.466666666666665,high,Review source records and operational context for this zone-hour deviation.,"Investigation prompt only. This alert does not establish cause, fraud, fault, or a prescribed action.","","",""
a_655ed16eaed116aa,high,pending,trip_volume,2026-01-01,2,141,Manhattan,Lenox Hill West,151,151.0,10.0,31.701065695399972,14.1,high,Review source records and operational context for this zone-hour deviation.,"Investigation prompt only. This alert does not establish cause, fraud, fault, or a prescribed action.","","",""
a_894fd78075aa3bea,high,pending,trip_volume,2026-01-01,3,141,Manhattan,Lenox Hill West,84,84.0,9.0,20.23472278429786,8.333333333333334,high,Review source records and operational context for this zone-hour deviation.,"Investigation prompt only. This alert does not establish cause, fraud, fault, or a prescribed action.","","",""
a_ba2660da1afe6610,high,pending,trip_volume,2026-01-01,0,142,Manhattan,Lincoln Square East,353,353.0,36.5,60.99323582124068,8.67123287671233,high,Review source records and operational context for this zone-hour deviation.,"Investigation prompt only. This alert does not establish cause, fraud, fault, or a prescribed action.","","",""
a_d963241f6c55b01b,high,pending,trip_volume,2026-01-01,1,142,Manhattan,Lincoln Square East,278,278.0,11.0,120.05935518683394,24.272727272727273,high,Review source records and operational context for this zone-hour deviation.,"Investigation prompt only. This alert does not establish cause, fraud, fault, or a prescribed action.","","",""
a_2f070549e888e7bb,high,pending,trip_volume,2026-01-01,2,142,Manhattan,Lincoln Square East,124,124.0,5.0,119.0,23.8,high,Review source records and operational context for this zone-hour deviation.,"Investigation prompt only. This alert does not establish cause, fraud, fault, or a prescribed action.","","",""
a_c455eeb24e2a2cfd,high,pending,trip_volume,2026-01-01,0,143,Manhattan,Lincoln Square West,93,93.0,7.5,57.66895993524889,11.4,high,Review source records and operational context for this zone-hour deviation.,"Investigation prompt only. This alert does not establish cause, fraud, fault, or a prescribed action.","","",""
a_cc5833e3577ba4a8,high,pending,trip_volume,2026-01-01,1,143,Manhattan,Lincoln Square West,124,124.0,4.5,80.60164575745313,26.555555555555557,high,Review source records and operational context for this zone-hour deviation.,"Investigation prompt only. This alert does not establish cause, fraud, fault, or a prescribed action.","","",""
a_fabff28bbbc1ab34,high,pending,trip_volume,2026-01-01,0,144,Manhattan,Little Italy/NoLiTa,122,122.0,34.0,13.190041518653418,2.588235294117647,high,Review source records and operational context for this zone-hour deviation.,"Investigation prompt only. This alert does not establish cause, fraud, fault, or a prescribed action.","","",""
a_e7ceff25c6428bfe,high,pending,gross_fare_per_trip,2026-01-01,1,144,Manhattan,Little Italy/NoLiTa,121,48.01719008264463,21.60363777089783,26.413552311746802,1.2226437321277617,high,Review source records and operational context for this zone-hour deviation.,"Investigation prompt only. This alert does not establish cause, fraud, fault, or a prescribed action.","","",""
a_989a2ed6fac3c948,high,pending,trip_volume,2026-01-01,1,144,Manhattan,Little Italy/NoLiTa,121,121.0,18.0,27.789019290435725,5.722222222222222,high,Review source records and operational context for this zone-hour deviation.,"Investigation prompt only. This alert does not establish cause, fraud, fault, or a prescribed action.","","",""
a_2aae99b29bace247,high,pending,trip_volume,2026-01-01,2,144,Manhattan,Little Italy/NoLiTa,120,120.0,11.0,36.75974639147444,9.909090909090908,high,Review source records and operational context for this zone-hour deviation.,"Investigation prompt only. This alert does not establish cause, fraud, fault, or a prescribed action.","","",""
a_41fcd2d5e7ffa814,high,pending,trip_volume,2026-01-01,3,144,Manhattan,Little Italy/NoLiTa,171,171.0,8.5,36.53491613831557,19.11764705882353,high,Review source records and operational context for this zone-hour deviation.,"Investigation prompt only. This alert does not establish cause, fraud, fault, or a prescribed action.","","",""
a_484021fe3401f1dd,high,pending,trip_volume,2026-01-01,4,144,Manhattan,Little Italy/NoLiTa,89,89.0,6.5,18.548495885606368,12.692307692307692,high,Review source records and operational context for this zone-hour deviation.,"Investigation prompt only. This alert does not establish cause, fraud, fault, or a prescribed action.","","",""
a_284f53676e770b13,high,pending,trip_volume,2026-01-01,3,145,Queens,Long Island City/Hunters Point,75,75.0,1.5,73.5,49.0,high,Review source records and operational context for this zone-hour deviation.,"Investigation prompt only. This alert does not establish cause, fraud, fault, or a prescribed action.","","",""
a_f0a56a000a25af95,high,pending,trip_volume,2026-01-01,0,148,Manhattan,Lower East Side,260,260.0,48.0,21.99877553985203,4.416666666666667,high,Review source records and operational context for this zone-hour deviation.,"Investigation prompt only. This alert does not establish cause, fraud, fault, or a prescribed action.","","",""
a_60d08abe8e594a83,high,pending,gross_fare_per_trip,2026-01-01,1,148,Manhattan,Lower East Side,312,49.38586538461538,24.73707995951417,15.11001758421241,0.9964306808015552,high,Review source records and operational context for this zone-hour deviation.,"Investigation prompt only. This alert does not establish cause, fraud, fault, or a prescribed action.","","",""
a_b36f3ea8bba77d40,high,pending,trip_volume,2026-01-01,1,148,Manhattan,Lower East Side,312,312.0,40.5,26.160605885413656,6.703703703703703,high,Review source records and operational context for this zone-hour deviation.,"Investigation prompt only. This alert does not establish cause, fraud, fault, or a prescribed action.","","",""
a_a4559fc111bf553d,high,pending,trip_volume,2026-01-01,2,148,Manhattan,Lower East Side,256,256.0,23.5,52.273033859436126,9.893617021276595,high,Review source records and operational context for this zone-hour deviation.,"Investigation prompt only. This alert does not establish cause, fraud, fault, or a prescribed action.","","",""
a_16dd2b77e0a7db08,high,pending,trip_volume,2026-01-01,3,148,Manhattan,Lower East Side,301,301.0,18.0,283.0,15.722222222222221,high,Review source records and operational context for this zone-hour deviation.,"Investigation prompt only. This alert does not establish cause, fraud, fault, or a prescribed action.","","",""
a_72a20605f05af94e,high,pending,trip_volume,2026-01-01,4,148,Manhattan,Lower East Side,226,226.0,13.0,26.121187594275415,16.384615384615383,high,Review source records and operational context for this zone-hour deviation.,"Investigation prompt only. This alert does not establish cause, fraud, fault, or a prescribed action.","","",""
a_5b1f8762341507b7,high,pending,trip_volume,2026-01-01,5,148,Manhattan,Lower East Side,96,96.0,4.0,92.0,23.0,high,Review source records and operational context for this zone-hour deviation.,"Investigation prompt only. This alert does not establish cause, fraud, fault, or a prescribed action.","","",""
a_8d3b586675904843,high,pending,trip_volume,2026-01-01,0,151,Manhattan,Manhattan Valley,89,89.0,10.0,35.52317999910068,7.9,high,Review source records and operational context for this zone-hour deviation.,"Investigation prompt only. This alert does not establish cause, fraud, fault, or a prescribed action.","","",""
a_7888d14512db4a03,high,pending,trip_volume,2026-01-01,1,151,Manhattan,Manhattan Valley,83,83.0,3.5,79.5,22.714285714285715,high,Review source records and operational context for this zone-hour deviation.,"Investigation prompt only. This alert does not establish cause, fraud, fault, or a prescribed action.","","",""
a_6e69271c5690e73a,high,pending,trip_volume,2026-01-01,0,158,Manhattan,Meatpacking/West Village West,170,170.0,20.5,18.33388518940927,7.2926829268292686,high,Review source records and operational context for this zone-hour deviation.,"Investigation prompt only. This alert does not establish cause, fraud, fault, or a prescribed action.","","",""
a_ae5c8ab1221c42e7,high,pending,trip_volume,2026-01-01,1,158,Manhattan,Meatpacking/West Village West,127,127.0,11.0,39.12046404964252,10.545454545454545,high,Review source records and operational context for this zone-hour deviation.,"Investigation prompt only. This alert does not establish cause, fraud, fault, or a prescribed action.","","",""
a_72a6163a4541ac26,high,pending,trip_volume,2026-01-01,2,158,Manhattan,Meatpacking/West Village West,89,89.0,9.5,21.44880615135573,8.368421052631579,high,Review source records and operational context for this zone-hour deviation.,"Investigation prompt only. This alert does not establish cause, fraud, fault, or a prescribed action.","","",""
a_893dcae51c730784,high,pending,trip_volume,2026-01-01,3,158,Manhattan,Meatpacking/West Village West,98,98.0,10.5,39.345294302801385,8.333333333333334,high,Review source records and operational context for this zone-hour deviation.,"Investigation prompt only. This alert does not establish cause, fraud, fault, or a prescribed action.","","",""
a_d165a5cf5cdd3f7e,high,pending,trip_volume,2026-01-01,0,161,Manhattan,Midtown Center,261,261.0,84.5,19.841269841269842,2.088757396449704,high,Review source records and operational context for this zone-hour deviation.,"Investigation prompt only. This alert does not establish cause, fraud, fault, or a prescribed action.","","",""
a_e2ca273e5bf78cf3,high,pending,trip_volume,2026-01-01,1,161,Manhattan,Midtown Center,255,255.0,24.0,28.328611898017,9.625,high,Review source records and operational context for this zone-hour deviation.,"Investigation prompt only. This alert does not establish cause, fraud, fault, or a prescribed action.","","",""
a_16a267f51010ccc7,high,pending,trip_volume,2026-01-01,2,161,Manhattan,Midtown Center,162,162.0,8.5,153.5,18.058823529411764,high,Review source records and operational context for this zone-hour deviation.,"Investigation prompt only. This alert does not establish cause, fraud, fault, or a prescribed action.","","",""
a_d46d14158d8da2ae,high,pending,trip_volume,2026-01-01,0,162,Manhattan,Midtown East,142,142.0,39.0,15.438344050242069,2.641025641025641,high,Review source records and operational context for this zone-hour deviation.,"Investigation prompt only. This alert does not establish cause, fraud, fault, or a prescribed action.","","",""
a_7c889262c3efaa60,high,pending,trip_volume,2026-01-01,1,162,Manhattan,Midtown East,177,177.0,22.0,34.848689239624086,7.045454545454546,high,Review source records and operational context for this zone-hour deviation.,"Investigation prompt only. This alert does not establish cause, fraud, fault, or a prescribed action.","","",""
a_0eea469c900169d6,high,pending,trip_volume,2026-01-01,2,162,Manhattan,Midtown East,105,105.0,13.5,41.14393632807231,6.777777777777778,high,Review source records and operational context for this zone-hour deviation.,"Investigation prompt only. This alert does not establish cause, fraud, fault, or a prescribed action.","","",""
a_f0bf8dadf541ff3e,high,pending,trip_volume,2026-01-01,0,163,Manhattan,Midtown North,148,148.0,44.0,20.042011138733113,2.3636363636363638,high,Review source records and operational context for this zone-hour deviation.,"Investigation prompt only. This alert does not establish cause, fraud, fault, or a prescribed action.","","",""
a_3027e81f195dd923,high,pending,trip_volume,2026-01-01,1,163,Manhattan,Midtown North,116,116.0,15.0,34.06178335356806,6.733333333333333,high,Review source records and operational context for this zone-hour deviation.,"Investigation prompt only. This alert does not establish cause, fraud, fault, or a prescribed action.","","",""
a_99b34918aee2216d,high,pending,trip_volume,2026-01-01,2,163,Manhattan,Midtown North,105,105.0,10.0,21.35887405009218,9.5,high,Review source records and operational context for this zone-hour deviation.,"Investigation prompt only. This alert does not establish cause, fraud, fault, or a prescribed action.","","",""
a_1cd5d349ccb8205f,high,pending,trip_volume,2026-01-01,1,164,Manhattan,Midtown South,208,208.0,26.5,30.605018211250506,6.849056603773585,high,Review source records and operational context for this zone-hour deviation.,"Investigation prompt only. This alert does not establish cause, fraud, fault, or a prescribed action.","","",""
a_992696be5ba07d8d,high,pending,trip_volume,2026-01-01,2,164,Manhattan,Midtown South,217,217.0,16.0,30.12725392328792,12.5625,high,Review source records and operational context for this zone-hour deviation.,"Investigation prompt only. This alert does not establish cause, fraud, fault, or a prescribed action.","","",""
a_249cfc60806d7f9e,high,pending,trip_volume,2026-01-01,3,164,Manhattan,Midtown South,148,148.0,9.5,46.70848509375422,14.578947368421053,high,Review source records and operational context for this zone-hour deviation.,"Investigation prompt only. This alert does not establish cause, fraud, fault, or a prescribed action.","","",""
a_b090c2a95d6eb3fd,high,pending,trip_volume,2026-01-01,4,164,Manhattan,Midtown South,80,80.0,7.0,24.618912720895725,10.428571428571429,high,Review source records and operational context for this zone-hour deviation.,"Investigation prompt only. This alert does not establish cause, fraud, fault, or a prescribed action.","","",""
a_0785853c06a2bdb9,high,pending,trip_volume,2026-01-01,0,170,Manhattan,Murray Hill,218,218.0,45.5,19.39160933495211,3.791208791208791,high,Review source records and operational context for this zone-hour deviation.,"Investigation prompt only. This alert does not establish cause, fraud, fault, or a prescribed action.","","",""
a_88b345564446e4b7,high,pending,trip_volume,2026-01-01,1,170,Manhattan,Murray Hill,338,338.0,19.0,143.4417015153559,16.789473684210527,high,Review source records and operational context for this zone-hour deviation.,"Investigation prompt only. This alert does not establish cause, fraud, fault, or a prescribed action.","","",""
a_4024c44dabe4fbbd,high,pending,trip_volume,2026-01-01,2,170,Manhattan,Murray Hill,226,226.0,9.5,146.02724942668286,22.789473684210527,high,Review source records and operational context for this zone-hour deviation.,"Investigation prompt only. This alert does not establish cause, fraud, fault, or a prescribed action.","","",""
a_3e66aeb311aa7191,high,pending,trip_volume,2026-01-01,3,170,Manhattan,Murray Hill,135,135.0,4.0,88.35828949143398,32.75,high,Review source records and operational context for this zone-hour deviation.,"Investigation prompt only. This alert does not establish cause, fraud, fault, or a prescribed action.","","",""
a_dc1d6f281257d3b4,high,pending,trip_volume,2026-01-01,4,170,Manhattan,Murray Hill,105,105.0,9.5,18.40396215143281,10.052631578947368,high,Review source records and operational context for this zone-hour deviation.,"Investigation prompt only. This alert does not establish cause, fraud, fault, or a prescribed action.","","",""
a_c3cb4f9dcd86eaec,high,pending,trip_volume,2026-01-01,0,186,Manhattan,Penn Station/Madison Sq West,126,126.0,47.0,17.76158999955034,1.6808510638297873,high,Review source records and operational context for this zone-hour deviation.,"Investigation prompt only. This alert does not establish cause, fraud, fault, or a prescribed action.","","",""
a_173fc9ec97169d6a,high,pending,trip_volume,2026-01-01,1,186,Manhattan,Penn Station/Madison Sq West,120,120.0,17.0,46.3150321507262,6.0588235294117645,high,Review source records and operational context for this zone-hour deviation.,"Investigation prompt only. This alert does not establish cause, fraud, fault, or a prescribed action.","","",""
a_f6560142d4d4c3e0,high,pending,trip_volume,2026-01-01,2,186,Manhattan,Penn Station/Madison Sq West,134,134.0,15.5,79.92715499797653,7.645161290322581,high,Review source records and operational context for this zone-hour deviation.,"Investigation prompt only. This alert does not establish cause, fraud, fault, or a prescribed action.","","",""
a_e9df1721917fa348,high,pending,trip_volume,2026-01-01,3,186,Manhattan,Penn Station/Madison Sq West,118,118.0,6.0,112.0,18.666666666666668,high,Review source records and operational context for this zone-hour deviation.,"Investigation prompt only. This alert does not establish cause, fraud, fault, or a prescribed action.","","",""
a_7ce9fa6212391cef,high,pending,trip_volume,2026-01-01,4,186,Manhattan,Penn Station/Madison Sq West,82,82.0,7.5,20.099824632402537,9.933333333333334,high,Review source records and operational context for this zone-hour deviation.,"Investigation prompt only. This alert does not establish cause, fraud, fault, or a prescribed action.","","",""
a_633a74eb02fec0f9,high,pending,trip_volume,2026-01-01,0,229,Manhattan,Sutton Place/Turtle Bay North,180,180.0,23.0,157.0,6.826086956521739,high,Review source records and operational context for this zone-hour deviation.,"Investigation prompt only. This alert does not establish cause, fraud, fault, or a prescribed action.","","",""
a_411ded63ba8335f5,high,pending,trip_volume,2026-01-01,1,229,Manhattan,Sutton Place/Turtle Bay North,223,223.0,10.5,143.3292863887765,20.238095238095237,high,Review source records and operational context for this zone-hour deviation.,"Investigation prompt only. This alert does not establish cause, fraud, fault, or a prescribed action.","","",""
a_cb1f120c83a20028,high,pending,trip_volume,2026-01-01,2,229,Manhattan,Sutton Place/Turtle Bay North,117,117.0,6.0,74.86847430190207,18.5,high,Review source records and operational context for this zone-hour deviation.,"Investigation prompt only. This alert does not establish cause, fraud, fault, or a prescribed action.","","",""
a_1d6ea7b6823e6937,high,pending,trip_volume,2026-01-01,0,230,Manhattan,Times Sq/Theatre District,0,0.0,78.5,-26.47376230945636,-1.0,low,Review source records and operational context for this zone-hour deviation.,"Investigation prompt only. This alert does not establish cause, fraud, fault, or a prescribed action.","","",""
a_d618236ffd643056,high,pending,trip_volume,2026-01-01,4,230,Manhattan,Times Sq/Theatre District,80,80.0,11.0,46.53986240388507,6.2727272727272725,high,Review source records and operational context for this zone-hour deviation.,"Investigation prompt only. This alert does not establish cause, fraud, fault, or a prescribed action.","","",""
a_0d9bd01cb5b5955a,high,pending,trip_volume,2026-01-01,0,231,Manhattan,TriBeCa/Civic Center,123,123.0,31.0,17.729471391956217,2.967741935483871,high,Review source records and operational context for this zone-hour deviation.,"Investigation prompt only. This alert does not establish cause, fraud, fault, or a prescribed action.","","",""
a_fa0d6234554e6d02,high,pending,gross_fare_per_trip,2026-01-01,1,231,Manhattan,TriBeCa/Civic Center,154,44.79071428571427,24.61772121212121,10.029359276995482,0.8194500579387639,high,Review source records and operational context for this zone-hour deviation.,"Investigation prompt only. This alert does not establish cause, fraud, fault, or a prescribed action.","","",""
a_ffed8ed182d17420,high,pending,trip_volume,2026-01-01,1,231,Manhattan,TriBeCa/Civic Center,154,154.0,21.0,12.815324430055309,6.333333333333333,high,Review source records and operational context for this zone-hour deviation.,"Investigation prompt only. This alert does not establish cause, fraud, fault, or a prescribed action.","","",""
a_14c1680a97e5beac,high,pending,trip_volume,2026-01-01,2,231,Manhattan,TriBeCa/Civic Center,121,121.0,16.0,20.234722784297855,6.5625,high,Review source records and operational context for this zone-hour deviation.,"Investigation prompt only. This alert does not establish cause, fraud, fault, or a prescribed action.","","",""
a_a5d35f32dd953b8b,high,pending,trip_volume,2026-01-01,3,231,Manhattan,TriBeCa/Civic Center,85,85.0,6.0,26.64238499932551,13.166666666666666,high,Review source records and operational context for this zone-hour deviation.,"Investigation prompt only. This alert does not establish cause, fraud, fault, or a prescribed action.","","",""
a_3208fe4385d4c3de,high,pending,trip_volume,2026-01-01,1,232,Manhattan,Two Bridges/Seward Park,85,85.0,5.0,80.0,16.0,high,Review source records and operational context for this zone-hour deviation.,"Investigation prompt only. This alert does not establish cause, fraud, fault, or a prescribed action.","","",""
a_22b9d6df451d1bb8,high,pending,trip_volume,2026-01-01,0,233,Manhattan,UN/Turtle Bay South,78,78.0,14.5,21.415081613381897,4.379310344827586,high,Review source records and operational context for this zone-hour deviation.,"Investigation prompt only. This alert does not establish cause, fraud, fault, or a prescribed action.","","",""
a_636f92ae1f00eaa6,high,pending,trip_volume,2026-01-01,1,233,Manhattan,UN/Turtle Bay South,94,94.0,8.0,86.0,10.75,high,Review source records and operational context for this zone-hour deviation.,"Investigation prompt only. This alert does not establish cause, fraud, fault, or a prescribed action.","","",""
a_bf6dd7a82d51f87c,high,pending,trip_volume,2026-01-01,0,234,Manhattan,Union Sq,285,285.0,73.0,17.874005126129774,2.904109589041096,high,Review source records and operational context for this zone-hour deviation.,"Investigation prompt only. This alert does not establish cause, fraud, fault, or a prescribed action.","","",""
a_abbfe96f86cf12e8,high,pending,trip_volume,2026-01-01,1,234,Manhattan,Union Sq,251,251.0,23.5,43.84189936597869,9.680851063829786,high,Review source records and operational context for this zone-hour deviation.,"Investigation prompt only. This alert does not establish cause, fraud, fault, or a prescribed action.","","",""
a_0a61bd8937b0acfb,high,pending,trip_volume,2026-01-01,2,234,Manhattan,Union Sq,215,215.0,10.5,91.95557354197581,19.476190476190474,high,Review source records and operational context for this zone-hour deviation.,"Investigation prompt only. This alert does not establish cause, fraud, fault, or a prescribed action.","","",""
a_1ed2264af92330f0,high,pending,trip_volume,2026-01-01,3,234,Manhattan,Union Sq,194,194.0,3.5,85.66032645352759,54.42857142857143,high,Review source records and operational context for this zone-hour deviation.,"Investigation prompt only. This alert does not establish cause, fraud, fault, or a prescribed action.","","",""
a_ec1bacf46f33ea02,high,pending,trip_volume,2026-01-01,4,234,Manhattan,Union Sq,101,101.0,7.0,94.0,13.428571428571429,high,Review source records and operational context for this zone-hour deviation.,"Investigation prompt only. This alert does not establish cause, fraud, fault, or a prescribed action.","","",""
a_041cd458d987e28c,high,pending,trip_volume,2026-01-01,0,236,Manhattan,Upper East Side North,222,222.0,16.5,46.20261702414677,12.454545454545455,high,Review source records and operational context for this zone-hour deviation.,"Investigation prompt only. This alert does not establish cause, fraud, fault, or a prescribed action.","","",""
a_841ec39b37a671e8,high,pending,trip_volume,2026-01-01,1,236,Manhattan,Upper East Side North,157,157.0,6.0,101.84810468096587,25.166666666666668,high,Review source records and operational context for this zone-hour deviation.,"Investigation prompt only. This alert does not establish cause, fraud, fault, or a prescribed action.","","",""
a_0f0ebe756e2a8796,high,pending,trip_volume,2026-01-01,0,237,Manhattan,Upper East Side South,323,323.0,39.5,54.63375151760421,7.177215189873418,high,Review source records and operational context for this zone-hour deviation.,"Investigation prompt only. This alert does not establish cause, fraud, fault, or a prescribed action.","","",""
a_aa840b3697a01625,high,pending,trip_volume,2026-01-01,1,237,Manhattan,Upper East Side South,322,322.0,20.5,203.35896398219344,14.707317073170731,high,Review source records and operational context for this zone-hour deviation.,"Investigation prompt only. This alert does not establish cause, fraud, fault, or a prescribed action.","","",""
a_616d1f146831665f,high,pending,trip_volume,2026-01-01,2,237,Manhattan,Upper East Side South,116,116.0,9.0,36.085255631997846,11.88888888888889,high,Review source records and operational context for this zone-hour deviation.,"Investigation prompt only. This alert does not establish cause, fraud, fault, or a prescribed action.","","",""
a_f8f7e8476ccc3d71,high,pending,trip_volume,2026-01-01,0,238,Manhattan,Upper West Side North,177,177.0,14.0,109.94199379468502,11.642857142857142,high,Review source records and operational context for this zone-hour deviation.,"Investigation prompt only. This alert does not establish cause, fraud, fault, or a prescribed action.","","",""
a_e3d81e5c2ce2ee21,high,pending,trip_volume,2026-01-01,1,238,Manhattan,Upper West Side North,195,195.0,7.5,84.3113449345744,25.0,high,Review source records and operational context for this zone-hour deviation.,"Investigation prompt only. This alert does not establish cause, fraud, fault, or a prescribed action.","","",""
a_9a55329cb34a72f8,high,pending,trip_volume,2026-01-01,2,238,Manhattan,Upper West Side North,89,89.0,1.5,87.5,58.333333333333336,high,Review source records and operational context for this zone-hour deviation.,"Investigation prompt only. This alert does not establish cause, fraud, fault, or a prescribed action.","","",""
a_5ec2439e59c0efee,high,pending,trip_volume,2026-01-01,0,239,Manhattan,Upper West Side South,316,316.0,19.5,99.99325509240524,15.205128205128204,high,Review source records and operational context for this zone-hour deviation.,"Investigation prompt only. This alert does not establish cause, fraud, fault, or a prescribed action.","","",""
a_55e685714ccf7636,high,pending,trip_volume,2026-01-01,1,239,Manhattan,Upper West Side South,329,329.0,9.0,215.83704303251048,35.55555555555556,high,Review source records and operational context for this zone-hour deviation.,"Investigation prompt only. This alert does not establish cause, fraud, fault, or a prescribed action.","","",""
a_0dcadb160a3ee911,high,pending,trip_volume,2026-01-01,2,239,Manhattan,Upper West Side South,143,143.0,3.0,94.42870632672333,46.666666666666664,high,Review source records and operational context for this zone-hour deviation.,"Investigation prompt only. This alert does not establish cause, fraud, fault, or a prescribed action.","","",""
a_7e8e6970cc119fc2,high,pending,trip_volume,2026-01-01,0,246,Manhattan,West Chelsea/Hudson Yards,224,224.0,31.0,23.668493923451432,6.225806451612903,high,Review source records and operational context for this zone-hour deviation.,"Investigation prompt only. This alert does not establish cause, fraud, fault, or a prescribed action.","","",""
a_05e01dcd2d397890,high,pending,gross_fare_per_trip,2026-01-01,1,246,Manhattan,West Chelsea/Hudson Yards,216,51.35754629629631,23.815952380952382,11.236699541603883,1.1564347070735352,high,Review source records and operational context for this zone-hour deviation.,"Investigation prompt only. This alert does not establish cause, fraud, fault, or a prescribed action.","","",""
a_618a7bc9886a05f4,high,pending,median_fare_per_mile,2026-01-01,1,246,Manhattan,West Chelsea/Hudson Yards,216,13.792372881355933,6.257420634920635,30.13980898574119,1.204162655197762,high,Review source records and operational context for this zone-hour deviation.,"Investigation prompt only. This alert does not establish cause, fraud, fault, or a prescribed action.","","",""
a_456c230ab9319541,high,pending,median_trip_duration,2026-01-01,1,246,Manhattan,West Chelsea/Hudson Yards,216,1227.0,566.5,11.008333333333333,1.1659311562224184,high,Review source records and operational context for this zone-hour deviation.,"Investigation prompt only. This alert does not establish cause, fraud, fault, or a prescribed action.","","",""
a_9d6a77298cf8e607,high,pending,trip_volume,2026-01-01,1,246,Manhattan,West Chelsea/Hudson Yards,216,216.0,25.5,28.553442151175865,7.470588235294118,high,Review source records and operational context for this zone-hour deviation.,"Investigation prompt only. This alert does not establish cause, fraud, fault, or a prescribed action.","","",""
a_5ae25535e016efbe,high,pending,trip_volume,2026-01-01,2,246,Manhattan,West Chelsea/Hudson Yards,167,167.0,27.5,47.04573047349252,5.072727272727272,high,Review source records and operational context for this zone-hour deviation.,"Investigation prompt only. This alert does not establish cause, fraud, fault, or a prescribed action.","","",""
a_1347898e5d192426,high,pending,trip_volume,2026-01-01,3,246,Manhattan,West Chelsea/Hudson Yards,164,164.0,26.5,92.74247942803184,5.188679245283019,high,Review source records and operational context for this zone-hour deviation.,"Investigation prompt only. This alert does not establish cause, fraud, fault, or a prescribed action.","","",""
a_fe7abb3592fee4af,high,pending,trip_volume,2026-01-01,4,246,Manhattan,West Chelsea/Hudson Yards,84,84.0,8.0,76.0,9.5,high,Review source records and operational context for this zone-hour deviation.,"Investigation prompt only. This alert does not establish cause, fraud, fault, or a prescribed action.","","",""
a_708223c87f12304a,high,pending,trip_volume,2026-01-01,0,249,Manhattan,West Village,288,288.0,75.5,31.85095253083922,2.814569536423841,high,Review source records and operational context for this zone-hour deviation.,"Investigation prompt only. This alert does not establish cause, fraud, fault, or a prescribed action.","","",""
a_ad7d077921b256aa,high,pending,gross_fare_per_trip,2026-01-01,1,249,Manhattan,West Village,231,43.11744588744587,23.4193316953317,14.650829384795028,0.8411048807187226,high,Review source records and operational context for this zone-hour deviation.,"Investigation prompt only. This alert does not establish cause, fraud, fault, or a prescribed action.","","",""
a_10f405d5ac67a064,high,pending,trip_volume,2026-01-01,1,249,Manhattan,West Village,231,231.0,43.0,42.26808759386663,4.372093023255814,high,Review source records and operational context for this zone-hour deviation.,"Investigation prompt only. This alert does not establish cause, fraud, fault, or a prescribed action.","","",""
a_0b6851b18a7641e2,high,pending,trip_volume,2026-01-01,2,249,Manhattan,West Village,229,229.0,25.0,18.34614865776339,8.16,high,Review source records and operational context for this zone-hour deviation.,"Investigation prompt only. This alert does not establish cause, fraud, fault, or a prescribed action.","","",""
a_29e75206c4e493bc,high,pending,trip_volume,2026-01-01,3,249,Manhattan,West Village,232,232.0,20.5,95.10319708619991,10.317073170731707,high,Review source records and operational context for this zone-hour deviation.,"Investigation prompt only. This alert does not establish cause, fraud, fault, or a prescribed action.","","",""
a_3c882a7f256a378c,high,pending,trip_volume,2026-01-01,4,249,Manhattan,West Village,104,104.0,7.5,43.39223885966096,12.866666666666667,high,Review source records and operational context for this zone-hour deviation.,"Investigation prompt only. This alert does not establish cause, fraud, fault, or a prescribed action.","","",""
a_1e1e7c63a2b05d85,high,pending,trip_volume,2026-01-01,2,255,Brooklyn,Williamsburg (North Side),82,82.0,2.0,80.0,40.0,high,Review source records and operational context for this zone-hour deviation.,"Investigation prompt only. This alert does not establish cause, fraud, fault, or a prescribed action.","","",""
a_927e5736de916256,high,pending,trip_volume,2026-01-01,3,255,Brooklyn,Williamsburg (North Side),80,80.0,0.5,79.5,159.0,high,Review source records and operational context for this zone-hour deviation.,"Investigation prompt only. This alert does not establish cause, fraud, fault, or a prescribed action.","","",""
a_d8b4dc75ff5646d8,high,pending,trip_volume,2026-01-01,0,262,Manhattan,Yorkville East,112,112.0,5.5,106.5,19.363636363636363,high,Review source records and operational context for this zone-hour deviation.,"Investigation prompt only. This alert does not establish cause, fraud, fault, or a prescribed action.","","",""
a_1f084a926b2ff4c2,high,pending,trip_volume,2026-01-01,1,262,Manhattan,Yorkville East,90,90.0,4.0,86.0,21.5,high,Review source records and operational context for this zone-hour deviation.,"Investigation prompt only. This alert does not establish cause, fraud, fault, or a prescribed action.","","",""
a_cae92a609c1a212f,high,pending,trip_volume,2026-01-01,0,263,Manhattan,Yorkville West,289,289.0,18.0,91.39349790907865,15.055555555555555,high,Review source records and operational context for this zone-hour deviation.,"Investigation prompt only. This alert does not establish cause, fraud, fault, or a prescribed action.","","",""
a_3f317cc850d071f8,high,pending,trip_volume,2026-01-01,1,263,Manhattan,Yorkville West,306,306.0,7.5,298.5,39.8,high,Review source records and operational context for this zone-hour deviation.,"Investigation prompt only. This alert does not establish cause, fraud, fault, or a prescribed action.","","",""
a_1db8252ea8a3f4ad,high,pending,trip_volume,2026-01-01,2,263,Manhattan,Yorkville West,213,213.0,9.5,137.25886955348713,21.42105263157895,high,Review source records and operational context for this zone-hour deviation.,"Investigation prompt only. This alert does not establish cause, fraud, fault, or a prescribed action.","","",""
a_c4f86ffddc1e5a7f,high,pending,trip_volume,2026-01-01,3,263,Manhattan,Yorkville West,130,130.0,2.5,85.9975718332659,51.0,high,Review source records and operational context for this zone-hour deviation.,"Investigation prompt only. This alert does not establish cause, fraud, fault, or a prescribed action.","","",""
a_d59e5f2134f1cdb2,high,pending,trip_volume,2026-01-01,4,263,Manhattan,Yorkville West,95,95.0,9.0,86.0,9.555555555555555,high,Review source records and operational context for this zone-hour deviation.,"Investigation prompt only. This alert does not establish cause, fraud, fault, or a prescribed action.","","",""
a_20a2964b4180e7b2,high,pending,trip_volume,2026-01-02,2,132,Queens,JFK Airport,112,112.0,19.5,6.567410026482637,4.743589743589744,high,Review source records and operational context for this zone-hour deviation.,"Investigation prompt only. This alert does not establish cause, fraud, fault, or a prescribed action.","","",""
a_b5ae3115f732de56,high,pending,trip_volume,2026-01-03,1,132,Queens,JFK Airport,297,297.0,51.5,13.798956787625343,4.766990291262136,high,Review source records and operational context for this zone-hour deviation.,"Investigation prompt only. This alert does not establish cause, fraud, fault, or a prescribed action.","","",""
a_8d4a16265eb54a5a,high,pending,trip_volume,2026-01-03,20,138,Queens,LaGuardia Airport,231,231.0,111.5,40.300822878726564,1.0717488789237668,high,Review source records and operational context for this zone-hour deviation.,"Investigation prompt only. This alert does not establish cause, fraud, fault, or a prescribed action.","","",""
a_bd9c38717a2e6156,high,pending,trip_volume,2026-01-03,21,138,Queens,LaGuardia Airport,224,224.0,70.5,7.395309398546955,2.1773049645390072,high,Review source records and operational context for this zone-hour deviation.,"Investigation prompt only. This alert does not establish cause, fraud, fault, or a prescribed action.","","",""
a_3af99b68ca20755f,high,pending,trip_volume,2026-01-03,22,138,Queens,LaGuardia Airport,187,187.0,57.0,6.495096202367213,2.280701754385965,high,Review source records and operational context for this zone-hour deviation.,"Investigation prompt only. This alert does not establish cause, fraud, fault, or a prescribed action.","","",""
a_5e05b1a747389e74,high,pending,trip_volume,2026-01-03,23,138,Queens,LaGuardia Airport,174,174.0,78.5,42.94257835334323,1.21656050955414,high,Review source records and operational context for this zone-hour deviation.,"Investigation prompt only. This alert does not establish cause, fraud, fault, or a prescribed action.","","",""
a_b6ee03f32cbf6542,high,pending,trip_volume,2026-01-04,1,132,Queens,JFK Airport,187,187.0,44.0,143.0,3.25,high,Review source records and operational context for this zone-hour deviation.,"Investigation prompt only. This alert does not establish cause, fraud, fault, or a prescribed action.","","",""
a_6e8bdb3f1fb735d3,high,pending,trip_volume,2026-01-04,2,132,Queens,JFK Airport,82,82.0,8.0,49.91231620126805,9.25,high,Review source records and operational context for this zone-hour deviation.,"Investigation prompt only. This alert does not establish cause, fraud, fault, or a prescribed action.","","",""
a_25b4305170e2c902,high,pending,trip_volume,2026-01-05,8,107,Manhattan,Gramercy,119,119.0,51.0,22.93268582220424,1.3333333333333333,high,Review source records and operational context for this zone-hour deviation.,"Investigation prompt only. This alert does not establish cause, fraud, fault, or a prescribed action.","","",""
a_d1d49c35ceedcf7e,high,pending,trip_volume,2026-01-05,1,138,Queens,LaGuardia Airport,81,81.0,7.0,7.130330885895435,10.571428571428571,high,Review source records and operational context for this zone-hour deviation.,"Investigation prompt only. This alert does not establish cause, fraud, fault, or a prescribed action.","","",""
a_4243750282a634df,high,pending,trip_volume,2026-01-05,8,140,Manhattan,Lenox Hill East,182,182.0,76.0,14.299204100903818,1.394736842105263,high,Review source records and operational context for this zone-hour deviation.,"Investigation prompt only. This alert does not establish cause, fraud, fault, or a prescribed action.","","",""
a_b663d6992af01b33,high,pending,trip_volume,2026-01-05,7,141,Manhattan,Lenox Hill West,139,139.0,45.0,15.850532847699988,2.088888888888889,high,Review source records and operational context for this zone-hour deviation.,"Investigation prompt only. This alert does not establish cause, fraud, fault, or a prescribed action.","","",""
a_4c497d00eb2cc283,high,pending,trip_volume,2026-01-05,23,142,Manhattan,Lincoln Square East,161,161.0,49.0,15.108593012275733,2.2857142857142856,high,Review source records and operational context for this zone-hour deviation.,"Investigation prompt only. This alert does not establish cause, fraud, fault, or a prescribed action.","","",""
a_1161e1e813559b89,high,pending,trip_volume,2026-01-05,7,229,Manhattan,Sutton Place/Turtle Bay North,82,82.0,29.0,11.916003417419848,1.8275862068965518,high,Review source records and operational context for this zone-hour deviation.,"Investigation prompt only. This alert does not establish cause, fraud, fault, or a prescribed action.","","",""
a_9400fda9adf9fb6f,high,pending,trip_volume,2026-01-05,7,236,Manhattan,Upper East Side North,262,262.0,65.0,66.43733980844463,3.0307692307692307,high,Review source records and operational context for this zone-hour deviation.,"Investigation prompt only. This alert does not establish cause, fraud, fault, or a prescribed action.","","",""
a_73738ed229d979e3,high,pending,trip_volume,2026-01-05,8,236,Manhattan,Upper East Side North,370,370.0,113.0,34.668825037096994,2.274336283185841,high,Review source records and operational context for this zone-hour deviation.,"Investigation prompt only. This alert does not establish cause, fraud, fault, or a prescribed action.","","",""
a_7502e76ed9d76d59,high,pending,trip_volume,2026-01-05,7,237,Manhattan,Upper East Side South,154,154.0,47.0,14.434102252799137,2.276595744680851,high,Review source records and operational context for this zone-hour deviation.,"Investigation prompt only. This alert does not establish cause, fraud, fault, or a prescribed action.","","",""
a_45d623e7dc343b8f,high,pending,trip_volume,2026-01-05,8,249,Manhattan,West Village,76,76.0,28.0,10.791852151625523,1.7142857142857142,high,Review source records and operational context for this zone-hour deviation.,"Investigation prompt only. This alert does not establish cause, fraud, fault, or a prescribed action.","","",""
a_c9aefbe72e58ccc6,high,pending,trip_volume,2026-01-05,6,263,Manhattan,Yorkville West,83,83.0,31.0,52.0,1.6774193548387097,high,Review source records and operational context for this zone-hour deviation.,"Investigation prompt only. This alert does not establish cause, fraud, fault, or a prescribed action.","","",""
a_8bb0a67bb6fc70d2,high,pending,trip_volume,2026-01-11,0,50,Manhattan,Clinton West,111,111.0,28.0,83.0,2.9642857142857144,high,Review source records and operational context for this zone-hour deviation.,"Investigation prompt only. This alert does not establish cause, fraud, fault, or a prescribed action.","","",""
a_1d9abaf5efab404e,high,pending,trip_volume,2026-01-11,23,142,Manhattan,Lincoln Square East,132,132.0,21.0,8.318719366878007,5.285714285714286,high,Review source records and operational context for this zone-hour deviation.,"Investigation prompt only. This alert does not establish cause, fraud, fault, or a prescribed action.","","",""
a_3a80f0ccb4ec2775,high,pending,trip_volume,2026-01-11,14,246,Manhattan,West Chelsea/Hudson Yards,234,234.0,94.0,13.489815189531903,1.4893617021276595,high,Review source records and operational context for this zone-hour deviation.,"Investigation prompt only. This alert does not establish cause, fraud, fault, or a prescribed action.","","",""
a_377800b71aaf4f11,high,pending,trip_volume,2026-01-11,15,246,Manhattan,West Chelsea/Hudson Yards,291,291.0,107.0,24.821259948738703,1.719626168224299,high,Review source records and operational context for this zone-hour deviation.,"Investigation prompt only. This alert does not establish cause, fraud, fault, or a prescribed action.","","",""
a_8e9a911bb5e5d99b,high,pending,trip_volume,2026-01-11,16,246,Manhattan,West Chelsea/Hudson Yards,335,335.0,99.0,15.917981923647647,2.3838383838383836,high,Review source records and operational context for this zone-hour deviation.,"Investigation prompt only. This alert does not establish cause, fraud, fault, or a prescribed action.","","",""
a_119d696b8b9e739b,high,pending,trip_volume,2026-01-11,17,246,Manhattan,West Chelsea/Hudson Yards,313,313.0,93.0,6.7449075947659525,2.3655913978494625,high,Review source records and operational context for this zone-hour deviation.,"Investigation prompt only. This alert does not establish cause, fraud, fault, or a prescribed action.","","",""
a_fee84f936123e718,high,pending,trip_volume,2026-01-12,8,48,Manhattan,Clinton East,121,121.0,58.0,14.164305949008499,1.0862068965517242,high,Review source records and operational context for this zone-hour deviation.,"Investigation prompt only. This alert does not establish cause, fraud, fault, or a prescribed action.","","",""
a_ac51ed6f3c19b4b6,high,pending,trip_volume,2026-01-12,9,50,Manhattan,Clinton West,91,91.0,35.0,12.590494176896444,1.6,high,Review source records and operational context for this zone-hour deviation.,"Investigation prompt only. This alert does not establish cause, fraud, fault, or a prescribed action.","","",""
a_ab157e0562a39efa,high,pending,trip_volume,2026-01-12,21,68,Manhattan,East Chelsea,257,257.0,118.0,23.438553891811683,1.1779661016949152,high,Review source records and operational context for this zone-hour deviation.,"Investigation prompt only. This alert does not establish cause, fraud, fault, or a prescribed action.","","",""
a_e3d98c007e2c586e,high,pending,trip_volume,2026-01-12,8,79,Manhattan,East Village,100,100.0,49.0,51.0,1.0408163265306123,high,Review source records and operational context for this zone-hour deviation.,"Investigation prompt only. This alert does not establish cause, fraud, fault, or a prescribed action.","","",""
a_417b42a09b4ee9da,high,pending,trip_volume,2026-01-12,23,100,Manhattan,Garment District,76,76.0,25.0,34.39902873330636,2.04,high,Review source records and operational context for this zone-hour deviation.,"Investigation prompt only. This alert does not establish cause, fraud, fault, or a prescribed action.","","",""
a_e7d28a3b24731317,high,pending,trip_volume,2026-01-12,8,107,Manhattan,Gramercy,133,133.0,51.0,27.654121138540404,1.607843137254902,high,Review source records and operational context for this zone-hour deviation.,"Investigation prompt only. This alert does not establish cause, fraud, fault, or a prescribed action.","","",""
a_0a118be95f04fcf3,high,pending,trip_volume,2026-01-12,7,140,Manhattan,Lenox Hill East,134,134.0,45.0,10.004946265569496,1.9777777777777779,high,Review source records and operational context for this zone-hour deviation.,"Investigation prompt only. This alert does not establish cause, fraud, fault, or a prescribed action.","","",""
a_ea66599fe5e4fd23,high,pending,trip_volume,2026-01-12,8,140,Manhattan,Lenox Hill East,195,195.0,76.0,16.052880075542966,1.5657894736842106,high,Review source records and operational context for this zone-hour deviation.,"Investigation prompt only. This alert does not establish cause, fraud, fault, or a prescribed action.","","",""
a_bfdebfd5a18fb420,high,pending,trip_volume,2026-01-12,11,140,Manhattan,Lenox Hill East,211,211.0,102.0,12.253248797158145,1.0686274509803921,high,Review source records and operational context for this zone-hour deviation.,"Investigation prompt only. This alert does not establish cause, fraud, fault, or a prescribed action.","","",""
a_9f9b577918dff12d,high,pending,trip_volume,2026-01-12,7,141,Manhattan,Lenox Hill West,133,133.0,45.0,14.838796708485095,1.9555555555555555,high,Review source records and operational context for this zone-hour deviation.,"Investigation prompt only. This alert does not establish cause, fraud, fault, or a prescribed action.","","",""
a_3d870dcbe3d5bf8f,high,pending,trip_volume,2026-01-12,21,142,Manhattan,Lincoln Square East,286,286.0,129.0,157.0,1.2170542635658914,high,Review source records and operational context for this zone-hour deviation.,"Investigation prompt only. This alert does not establish cause, fraud, fault, or a prescribed action.","","",""
a_af0f2846f747e577,high,pending,trip_volume,2026-01-12,8,143,Manhattan,Lincoln Square West,138,138.0,49.0,12.005935518683396,1.816326530612245,high,Review source records and operational context for this zone-hour deviation.,"Investigation prompt only. This alert does not establish cause, fraud, fault, or a prescribed action.","","",""
a_5e9c5b3fca89302b,high,pending,trip_volume,2026-01-12,21,163,Manhattan,Midtown North,276,276.0,126.0,101.17361392148928,1.1904761904761905,high,Review source records and operational context for this zone-hour deviation.,"Investigation prompt only. This alert does not establish cause, fraud, fault, or a prescribed action.","","",""
a_c23dec360995113a,high,pending,trip_volume,2026-01-12,7,229,Manhattan,Sutton Place/Turtle Bay North,79,79.0,29.0,11.241512657943252,1.7241379310344827,high,Review source records and operational context for this zone-hour deviation.,"Investigation prompt only. This alert does not establish cause, fraud, fault, or a prescribed action.","","",""
a_4bf335876b96d97f,high,pending,trip_volume,2026-01-12,8,230,Manhattan,Times Sq/Theatre District,157,157.0,76.0,18.21125050586807,1.0657894736842106,high,Review source records and operational context for this zone-hour deviation.,"Investigation prompt only. This alert does not establish cause, fraud, fault, or a prescribed action.","","",""
a_9c8e9f5f492ff757,high,pending,trip_volume,2026-01-12,8,231,Manhattan,TriBeCa/Civic Center,75,75.0,28.0,10.567021898466658,1.6785714285714286,high,Review source records and operational context for this zone-hour deviation.,"Investigation prompt only. This alert does not establish cause, fraud, fault, or a prescribed action.","","",""
a_c9cf0e751570067c,high,pending,trip_volume,2026-01-12,7,236,Manhattan,Upper East Side North,277,277.0,65.0,71.4960205045191,3.2615384615384615,high,Review source records and operational context for this zone-hour deviation.,"Investigation prompt only. This alert does not establish cause, fraud, fault, or a prescribed action.","","",""
a_2f2cf3e7093af699,high,pending,trip_volume,2026-01-12,8,236,Manhattan,Upper East Side North,416,416.0,113.0,40.87414002428167,2.6814159292035398,high,Review source records and operational context for this zone-hour deviation.,"Investigation prompt only. This alert does not establish cause, fraud, fault, or a prescribed action.","","",""
a_5b3b9ff131602c45,high,pending,trip_volume,2026-01-12,7,237,Manhattan,Upper East Side South,196,196.0,47.0,20.099824632402537,3.1702127659574466,high,Review source records and operational context for this zone-hour deviation.,"Investigation prompt only. This alert does not establish cause, fraud, fault, or a prescribed action.","","",""
a_6606c85fe954ff71,high,pending,trip_volume,2026-01-12,12,246,Manhattan,West Chelsea/Hudson Yards,197,197.0,55.0,7.98147398713971,2.581818181818182,high,Review source records and operational context for this zone-hour deviation.,"Investigation prompt only. This alert does not establish cause, fraud, fault, or a prescribed action.","","",""
a_46d09106cbde8e42,high,pending,trip_volume,2026-01-12,13,246,Manhattan,West Chelsea/Hudson Yards,238,238.0,82.0,105.22055847834885,1.9024390243902438,high,Review source records and operational context for this zone-hour deviation.,"Investigation prompt only. This alert does not establish cause, fraud, fault, or a prescribed action.","","",""
a_52fef0bc63e3abb7,high,pending,trip_volume,2026-01-12,14,246,Manhattan,West Chelsea/Hudson Yards,284,284.0,66.0,7.738893977152513,3.303030303030303,high,Review source records and operational context for this zone-hour deviation.,"Investigation prompt only. This alert does not establish cause, fraud, fault, or a prescribed action.","","",""
a_57353cfe2939c13f,high,pending,trip_volume,2026-01-12,15,246,Manhattan,West Chelsea/Hudson Yards,334,334.0,78.0,19.185514936223154,3.282051282051282,high,Review source records and operational context for this zone-hour deviation.,"Investigation prompt only. This alert does not establish cause, fraud, fault, or a prescribed action.","","",""
a_3aac3a9a4c40ebc0,high,pending,trip_volume,2026-01-12,16,246,Manhattan,West Chelsea/Hudson Yards,325,325.0,88.0,7.612109999807289,2.6931818181818183,high,Review source records and operational context for this zone-hour deviation.,"Investigation prompt only. This alert does not establish cause, fraud, fault, or a prescribed action.","","",""
a_115006ca0492fdb6,high,pending,trip_volume,2026-01-12,17,246,Manhattan,West Chelsea/Hudson Yards,332,332.0,98.0,8.768379873195737,2.3877551020408165,high,Review source records and operational context for this zone-hour deviation.,"Investigation prompt only. This alert does not establish cause, fraud, fault, or a prescribed action.","","",""
a_d2b5f7f29064cef4,high,pending,trip_volume,2026-01-12,19,246,Manhattan,West Chelsea/Hudson Yards,222,222.0,81.0,141.0,1.7407407407407407,high,Review source records and operational context for this zone-hour deviation.,"Investigation prompt only. This alert does not establish cause, fraud, fault, or a prescribed action.","","",""
a_67a51f81827f5f14,high,pending,trip_volume,2026-01-12,20,246,Manhattan,West Chelsea/Hudson Yards,192,192.0,63.0,12.429901138925826,2.0476190476190474,high,Review source records and operational context for this zone-hour deviation.,"Investigation prompt only. This alert does not establish cause, fraud, fault, or a prescribed action.","","",""
a_1c58e519e8bce1ff,high,pending,trip_volume,2026-01-12,22,246,Manhattan,West Chelsea/Hudson Yards,88,88.0,35.0,17.874005126129774,1.5142857142857142,high,Review source records and operational context for this zone-hour deviation.,"Investigation prompt only. This alert does not establish cause, fraud, fault, or a prescribed action.","","",""
a_32ed3e8d746f47f7,high,pending,trip_volume,2026-01-12,8,249,Manhattan,West Village,104,104.0,28.0,17.087099240073744,2.7142857142857144,high,Review source records and operational context for this zone-hour deviation.,"Investigation prompt only. This alert does not establish cause, fraud, fault, or a prescribed action.","","",""
a_5b5775021263982f,high,pending,trip_volume,2026-01-12,6,263,Manhattan,Yorkville West,78,78.0,31.0,47.0,1.5161290322580645,high,Review source records and operational context for this zone-hour deviation.,"Investigation prompt only. This alert does not establish cause, fraud, fault, or a prescribed action.","","",""
a_292686069b365f8e,high,pending,trip_volume,2026-01-13,7,230,Manhattan,Times Sq/Theatre District,93,93.0,42.0,51.0,1.2142857142857142,high,Review source records and operational context for this zone-hour deviation.,"Investigation prompt only. This alert does not establish cause, fraud, fault, or a prescribed action.","","",""
a_01e6010f3a927a4c,high,pending,trip_volume,2026-01-13,8,230,Manhattan,Times Sq/Theatre District,203,203.0,74.0,129.0,1.7432432432432432,high,Review source records and operational context for this zone-hour deviation.,"Investigation prompt only. This alert does not establish cause, fraud, fault, or a prescribed action.","","",""
a_0996c761aa816169,high,pending,trip_volume,2026-01-13,11,230,Manhattan,Times Sq/Theatre District,206,206.0,100.0,35.74801025225955,1.06,high,Review source records and operational context for this zone-hour deviation.,"Investigation prompt only. This alert does not establish cause, fraud, fault, or a prescribed action.","","",""
a_14b0d24126644fab,high,pending,trip_volume,2026-01-13,10,246,Manhattan,West Chelsea/Hudson Yards,146,146.0,56.0,12.140833670578715,1.6071428571428572,high,Review source records and operational context for this zone-hour deviation.,"Investigation prompt only. This alert does not establish cause, fraud, fault, or a prescribed action.","","",""
a_5cf021b2cb15d077,high,pending,trip_volume,2026-01-13,11,246,Manhattan,West Chelsea/Hudson Yards,227,227.0,61.0,111.96546607311481,2.721311475409836,high,Review source records and operational context for this zone-hour deviation.,"Investigation prompt only. This alert does not establish cause, fraud, fault, or a prescribed action.","","",""
a_3e73bf91d2f9a788,high,pending,trip_volume,2026-01-13,12,246,Manhattan,West Chelsea/Hudson Yards,277,277.0,65.0,212.0,3.2615384615384615,high,Review source records and operational context for this zone-hour deviation.,"Investigation prompt only. This alert does not establish cause, fraud, fault, or a prescribed action.","","",""
a_52ffbcdd830ffad8,high,pending,trip_volume,2026-01-13,13,246,Manhattan,West Chelsea/Hudson Yards,334,334.0,64.0,14.008654235283132,4.21875,high,Review source records and operational context for this zone-hour deviation.,"Investigation prompt only. This alert does not establish cause, fraud, fault, or a prescribed action.","","",""
a_a6089f46cb55b463,high,pending,trip_volume,2026-01-13,14,246,Manhattan,West Chelsea/Hudson Yards,327,327.0,75.0,84.98583569405099,3.36,high,Review source records and operational context for this zone-hour deviation.,"Investigation prompt only. This alert does not establish cause, fraud, fault, or a prescribed action.","","",""
a_d67746b816f6dc28,high,pending,trip_volume,2026-01-13,15,246,Manhattan,West Chelsea/Hudson Yards,383,383.0,114.0,36.287602859840824,2.3596491228070176,high,Review source records and operational context for this zone-hour deviation.,"Investigation prompt only. This alert does not establish cause, fraud, fault, or a prescribed action.","","",""
a_b0be00fec7779572,high,pending,trip_volume,2026-01-13,16,246,Manhattan,West Chelsea/Hudson Yards,360,360.0,131.0,14.0416712654673,1.748091603053435,high,Review source records and operational context for this zone-hour deviation.,"Investigation prompt only. This alert does not establish cause, fraud, fault, or a prescribed action.","","",""
a_3a2769d2540d1125,high,pending,trip_volume,2026-01-18,22,79,Manhattan,East Village,353,353.0,80.0,15.34466477809254,3.4125,high,Review source records and operational context for this zone-hour deviation.,"Investigation prompt only. This alert does not establish cause, fraud, fault, or a prescribed action.","","",""
a_3e25c61ee1ac62d1,high,pending,trip_volume,2026-01-18,23,79,Manhattan,East Village,282,282.0,70.0,10.213717214931298,3.0285714285714285,high,Review source records and operational context for this zone-hour deviation.,"Investigation prompt only. This alert does not establish cause, fraud, fault, or a prescribed action.","","",""
a_c5567185ea9aa3a4,high,pending,trip_volume,2026-01-18,22,87,Manhattan,Financial District North,90,90.0,15.0,25.29340348037232,5.0,high,Review source records and operational context for this zone-hour deviation.,"Investigation prompt only. This alert does not establish cause, fraud, fault, or a prescribed action.","","",""
a_21d5e0c066693082,high,pending,trip_volume,2026-01-18,22,107,Manhattan,Gramercy,180,180.0,53.0,7.138360537793965,2.3962264150943398,high,Review source records and operational context for this zone-hour deviation.,"Investigation prompt only. This alert does not establish cause, fraud, fault, or a prescribed action.","","",""
a_b3525a22db472642,high,pending,trip_volume,2026-01-18,23,107,Manhattan,Gramercy,112,112.0,31.0,13.658437879401053,2.6129032258064515,high,Review source records and operational context for this zone-hour deviation.,"Investigation prompt only. This alert does not establish cause, fraud, fault, or a prescribed action.","","",""
a_904a25b40704d61f,high,pending,trip_volume,2026-01-18,22,113,Manhattan,Greenwich Village North,100,100.0,18.0,82.0,4.555555555555555,high,Review source records and operational context for this zone-hour deviation.,"Investigation prompt only. This alert does not establish cause, fraud, fault, or a prescribed action.","","",""
a_b3afcd13a88acbfc,high,pending,trip_volume,2026-01-18,22,114,Manhattan,Greenwich Village South,204,204.0,68.0,13.10439189840242,2.0,high,Review source records and operational context for this zone-hour deviation.,"Investigation prompt only. This alert does not establish cause, fraud, fault, or a prescribed action.","","",""
a_391ccc2670c647bb,high,pending,trip_volume,2026-01-18,23,114,Manhattan,Greenwich Village South,181,181.0,57.0,41.818427087548905,2.175438596491228,high,Review source records and operational context for this zone-hour deviation.,"Investigation prompt only. This alert does not establish cause, fraud, fault, or a prescribed action.","","",""
a_aab03cddd9c573a6,high,pending,trip_volume,2026-01-18,23,144,Manhattan,Little Italy/NoLiTa,85,85.0,27.0,58.0,2.1481481481481484,high,Review source records and operational context for this zone-hour deviation.,"Investigation prompt only. This alert does not establish cause, fraud, fault, or a prescribed action.","","",""
a_5ffb8df7fcf7c329,high,pending,trip_volume,2026-01-18,22,148,Manhattan,Lower East Side,120,120.0,48.0,12.140833670578713,1.5,high,Review source records and operational context for this zone-hour deviation.,"Investigation prompt only. This alert does not establish cause, fraud, fault, or a prescribed action.","","",""
a_50d50c121ecc7525,high,pending,trip_volume,2026-01-18,23,148,Manhattan,Lower East Side,127,127.0,49.0,26.305139619587212,1.5918367346938775,high,Review source records and operational context for this zone-hour deviation.,"Investigation prompt only. This alert does not establish cause, fraud, fault, or a prescribed action.","","",""
a_55323560f69ab610,high,pending,trip_volume,2026-01-18,1,226,Queens,Sunnyside,76,76.0,6.0,23.607176581680832,11.666666666666666,high,Review source records and operational context for this zone-hour deviation.,"Investigation prompt only. This alert does not establish cause, fraud, fault, or a prescribed action.","","",""
a_38136d146cef1c08,high,pending,trip_volume,2026-01-18,22,231,Manhattan,TriBeCa/Civic Center,130,130.0,30.0,9.635582278237074,3.3333333333333335,high,Review source records and operational context for this zone-hour deviation.,"Investigation prompt only. This alert does not establish cause, fraud, fault, or a prescribed action.","","",""
a_4e870e910b9784a2,high,pending,trip_volume,2026-01-18,23,249,Manhattan,West Village,247,247.0,44.0,8.557601510859302,4.613636363636363,high,Review source records and operational context for this zone-hour deviation.,"Investigation prompt only. This alert does not establish cause, fraud, fault, or a prescribed action.","","",""
a_64b6f60553377787,high,pending,trip_volume,2026-01-18,22,263,Manhattan,Yorkville West,130,130.0,42.0,19.785062277980124,2.0952380952380953,high,Review source records and operational context for this zone-hour deviation.,"Investigation prompt only. This alert does not establish cause, fraud, fault, or a prescribed action.","","",""
a_028a809efd880ff9,high,pending,trip_volume,2026-01-19,0,79,Manhattan,East Village,219,219.0,36.0,7.260694646130407,5.083333333333333,high,Review source records and operational context for this zone-hour deviation.,"Investigation prompt only. This alert does not establish cause, fraud, fault, or a prescribed action.","","",""
a_de5d8403a5f754dd,high,pending,trip_volume,2026-01-19,1,79,Manhattan,East Village,147,147.0,25.0,20.571968164036154,4.88,high,Review source records and operational context for this zone-hour deviation.,"Investigation prompt only. This alert does not establish cause, fraud, fault, or a prescribed action.","","",""
a_5a1491d3ba016321,high,pending,trip_volume,2026-01-19,2,79,Manhattan,East Village,93,93.0,19.0,7.130330885895435,3.8947368421052633,high,Review source records and operational context for this zone-hour deviation.,"Investigation prompt only. This alert does not establish cause, fraud, fault, or a prescribed action.","","",""
a_55a7cdac7e84d312,high,pending,trip_volume,2026-01-19,3,79,Manhattan,East Village,78,78.0,6.0,24.281667341157426,12.0,high,Review source records and operational context for this zone-hour deviation.,"Investigation prompt only. This alert does not establish cause, fraud, fault, or a prescribed action.","","",""
a_dd37d39fc22504d5,high,pending,trip_volume,2026-01-19,21,90,Manhattan,Flatiron,95,95.0,43.0,11.691173164260983,1.2093023255813953,high,Review source records and operational context for this zone-hour deviation.,"Investigation prompt only. This alert does not establish cause, fraud, fault, or a prescribed action.","","",""
a_3582818ef7d36462,high,pending,trip_volume,2026-01-19,0,107,Manhattan,Gramercy,77,77.0,12.0,65.0,5.416666666666667,high,Review source records and operational context for this zone-hour deviation.,"Investigation prompt only. This alert does not establish cause, fraud, fault, or a prescribed action.","","",""
a_292012212dc0d1fa,high,pending,trip_volume,2026-01-19,1,114,Manhattan,Greenwich Village South,102,102.0,26.0,12.815324430055309,2.923076923076923,high,Review source records and operational context for this zone-hour deviation.,"Investigation prompt only. This alert does not establish cause, fraud, fault, or a prescribed action.","","",""
a_bcf2a6f32a0b8360,high,pending,trip_volume,2026-01-19,14,144,Manhattan,Little Italy/NoLiTa,80,80.0,37.0,29.003102657493592,1.162162162162162,high,Review source records and operational context for this zone-hour deviation.,"Investigation prompt only. This alert does not establish cause, fraud, fault, or a prescribed action.","","",""
a_c870a2db4350544f,high,pending,trip_volume,2026-01-19,15,144,Manhattan,Little Italy/NoLiTa,111,111.0,49.0,41.818427087548905,1.2653061224489797,high,Review source records and operational context for this zone-hour deviation.,"Investigation prompt only. This alert does not establish cause, fraud, fault, or a prescribed action.","","",""
a_83ab5df23684c56c,high,pending,trip_volume,2026-01-19,0,148,Manhattan,Lower East Side,109,109.0,26.0,27.991366518278703,3.1923076923076925,high,Review source records and operational context for this zone-hour deviation.,"Investigation prompt only. This alert does not establish cause, fraud, fault, or a prescribed action.","","",""
a_d4765ef2b1506265,high,pending,trip_volume,2026-01-19,19,186,Manhattan,Penn Station/Madison Sq West,557,557.0,154.0,18.121318404604526,2.616883116883117,high,Review source records and operational context for this zone-hour deviation.,"Investigation prompt only. This alert does not establish cause, fraud, fault, or a prescribed action.","","",""
a_66bef1e938082e77,high,pending,trip_volume,2026-01-19,16,211,Manhattan,SoHo,83,83.0,35.0,32.37555645487657,1.3714285714285714,high,Review source records and operational context for this zone-hour deviation.,"Investigation prompt only. This alert does not establish cause, fraud, fault, or a prescribed action.","","",""
a_9eca731dd4299bce,high,pending,trip_volume,2026-01-19,1,249,Manhattan,West Village,125,125.0,32.0,6.969737847924817,2.90625,high,Review source records and operational context for this zone-hour deviation.,"Investigation prompt only. This alert does not establish cause, fraud, fault, or a prescribed action.","","",""
a_393b81e723b0b16d,high,pending,trip_volume,2026-01-20,23,142,Manhattan,Lincoln Square East,262,262.0,68.0,26.170241467691895,2.8529411764705883,high,Review source records and operational context for this zone-hour deviation.,"Investigation prompt only. This alert does not establish cause, fraud, fault, or a prescribed action.","","",""
a_989bd04ab4279b0b,high,pending,trip_volume,2026-01-22,23,142,Manhattan,Lincoln Square East,393,393.0,127.0,14.353163361661947,2.094488188976378,high,Review source records and operational context for this zone-hour deviation.,"Investigation prompt only. This alert does not establish cause, fraud, fault, or a prescribed action.","","",""
a_73452476927e4558,high,pending,trip_volume,2026-01-25,0,50,Manhattan,Clinton West,77,77.0,28.0,49.0,1.75,high,Review source records and operational context for this zone-hour deviation.,"Investigation prompt only. This alert does not establish cause, fraud, fault, or a prescribed action.","","",""
a_1207eec958fe63f9,high,pending,median_trip_duration,2026-01-25,8,132,Queens,JFK Airport,79,2824.0,1370.0,20.431449255811863,1.0613138686131387,high,Review source records and operational context for this zone-hour deviation.,"Investigation prompt only. This alert does not establish cause, fraud, fault, or a prescribed action.","","",""
a_5e1d9da8d4bd2aee,high,pending,trip_volume,2026-01-25,22,138,Queens,LaGuardia Airport,0,0.0,230.0,-155.1328746796169,-1.0,low,Review source records and operational context for this zone-hour deviation.,"Investigation prompt only. This alert does not establish cause, fraud, fault, or a prescribed action.","","",""
a_ce58803e88f29503,high,pending,trip_volume,2026-01-25,23,138,Queens,LaGuardia Airport,0,0.0,325.0,-31.31564240427049,-1.0,low,Review source records and operational context for this zone-hour deviation.,"Investigation prompt only. This alert does not establish cause, fraud, fault, or a prescribed action.","","",""
a_f8219e35540ee120,high,pending,median_fare_per_mile,2026-01-27,8,42,Manhattan,Central Harlem North,77,11.808901918976547,6.4642857142857135,16.97898875159142,0.8267914570792451,high,Review source records and operational context for this zone-hour deviation.,"Investigation prompt only. This alert does not establish cause, fraud, fault, or a prescribed action.","","",""
a_30a028bfc9a195ac,high,pending,trip_volume,2026-01-27,19,43,Manhattan,Central Park,102,102.0,40.0,10.454606771887226,1.55,high,Review source records and operational context for this zone-hour deviation.,"Investigation prompt only. This alert does not establish cause, fraud, fault, or a prescribed action.","","",""
a_f992fc70e306827b,high,pending,median_trip_duration,2026-01-27,11,48,Manhattan,Clinton East,91,1490.0,735.0,12.583333333333334,1.0272108843537415,high,Review source records and operational context for this zone-hour deviation.,"Investigation prompt only. This alert does not establish cause, fraud, fault, or a prescribed action.","","",""
a_08b3b4d94a27d71e,high,pending,median_trip_duration,2026-01-27,12,48,Manhattan,Clinton East,81,1379.0,660.0,11.021792183265273,1.0893939393939394,high,Review source records and operational context for this zone-hour deviation.,"Investigation prompt only. This alert does not establish cause, fraud, fault, or a prescribed action.","","",""
a_544e39bba827e154,high,pending,median_trip_duration,2026-01-27,13,48,Manhattan,Clinton East,83,1305.0,642.5,10.898783613493764,1.0311284046692606,high,Review source records and operational context for this zone-hour deviation.,"Investigation prompt only. This alert does not establish cause, fraud, fault, or a prescribed action.","","",""
a_15505c9ba99af3fe,high,pending,gross_fare_per_trip,2026-01-27,9,79,Manhattan,East Village,108,43.552129629629626,23.89962264150944,18.09847503930903,0.8222936103596565,high,Review source records and operational context for this zone-hour deviation.,"Investigation prompt only. This alert does not establish cause, fraud, fault, or a prescribed action.","","",""
a_98359dd4185aa9c5,high,pending,median_trip_duration,2026-01-27,9,140,Manhattan,Lenox Hill East,176,1435.5,775.0,11.008333333333333,0.8522580645161291,high,Review source records and operational context for this zone-hour deviation.,"Investigation prompt only. This alert does not establish cause, fraud, fault, or a prescribed action.","","",""
a_888c985b62225d05,high,pending,median_trip_duration,2026-01-27,16,140,Manhattan,Lenox Hill East,128,1867.0,706.0,19.35,1.6444759206798867,high,Review source records and operational context for this zone-hour deviation.,"Investigation prompt only. This alert does not establish cause, fraud, fault, or a prescribed action.","","",""
a_25ea38afc162855b,high,pending,median_trip_duration,2026-01-27,17,140,Manhattan,Lenox Hill East,126,1394.0,667.0,11.959872735109382,1.0899550224887555,high,Review source records and operational context for this zone-hour deviation.,"Investigation prompt only. This alert does not establish cause, fraud, fault, or a prescribed action.","","",""
a_9042f86034daaa38,high,pending,median_trip_duration,2026-01-27,10,143,Manhattan,Lincoln Square West,101,1331.0,693.0,10.633333333333333,0.9206349206349206,high,Review source records and operational context for this zone-hour deviation.,"Investigation prompt only. This alert does not establish cause, fraud, fault, or a prescribed action.","","",""
a_3366a9d6bb653bf2,high,pending,trip_volume,2026-01-27,23,158,Manhattan,Meatpacking/West Village West,107,107.0,33.0,12.478079050317012,2.242424242424242,high,Review source records and operational context for this zone-hour deviation.,"Investigation prompt only. This alert does not establish cause, fraud, fault, or a prescribed action.","","",""
a_e28ca8b1b14d0c31,high,pending,median_fare_per_mile,2026-01-27,15,161,Manhattan,Midtown Center,279,16.38737908797789,8.881944444444443,30.021738574133792,0.8450215704994658,high,Review source records and operational context for this zone-hour deviation.,"Investigation prompt only. This alert does not establish cause, fraud, fault, or a prescribed action.","","",""
a_20e766db8714c17f,high,pending,median_trip_duration,2026-01-27,15,161,Manhattan,Midtown Center,279,1562.0,781.0,13.016666666666667,1.0,high,Review source records and operational context for this zone-hour deviation.,"Investigation prompt only. This alert does not establish cause, fraud, fault, or a prescribed action.","","",""
a_6be411f4ebc3059f,high,pending,median_trip_duration,2026-01-27,14,162,Manhattan,Midtown East,206,1455.5,797.0,10.975,0.8262233375156838,high,Review source records and operational context for this zone-hour deviation.,"Investigation prompt only. This alert does not establish cause, fraud, fault, or a prescribed action.","","",""
a_389a73217a5b17ab,high,pending,median_fare_per_mile,2026-01-27,15,162,Manhattan,Midtown East,196,15.887850467289718,8.465909090909092,29.687765505522506,0.8766856927805303,high,Review source records and operational context for this zone-hour deviation.,"Investigation prompt only. This alert does not establish cause, fraud, fault, or a prescribed action.","","",""
a_1f61478edb8494c6,high,pending,median_trip_duration,2026-01-27,15,162,Manhattan,Midtown East,196,1503.0,773.0,12.166666666666666,0.944372574385511,high,Review source records and operational context for this zone-hour deviation.,"Investigation prompt only. This alert does not establish cause, fraud, fault, or a prescribed action.","","",""
a_f0165f75928978f8,high,pending,median_trip_duration,2026-01-27,15,164,Manhattan,Midtown South,110,1251.0,610.0,10.683333333333334,1.0508196721311476,high,Review source records and operational context for this zone-hour deviation.,"Investigation prompt only. This alert does not establish cause, fraud, fault, or a prescribed action.","","",""
a_cd4c7d9cb9c43fcc,high,pending,trip_volume,2026-01-27,17,166,Manhattan,Morningside Heights,100,100.0,42.0,39.12046404964252,1.380952380952381,high,Review source records and operational context for this zone-hour deviation.,"Investigation prompt only. This alert does not establish cause, fraud, fault, or a prescribed action.","","",""
a_b28c791447313485,high,pending,median_fare_per_mile,2026-01-27,15,229,Manhattan,Sutton Place/Turtle Bay North,85,19.32642487046632,9.450549450549449,39.50350167966748,1.0450054223400411,high,Review source records and operational context for this zone-hour deviation.,"Investigation prompt only. This alert does not establish cause, fraud, fault, or a prescribed action.","","",""
a_2f3deea614c16e48,high,pending,median_trip_duration,2026-01-27,15,229,Manhattan,Sutton Place/Turtle Bay North,85,1580.0,730.5,14.158333333333333,1.16290212183436,high,Review source records and operational context for this zone-hour deviation.,"Investigation prompt only. This alert does not establish cause, fraud, fault, or a prescribed action.","","",""
a_49025f3857621dc0,high,pending,median_trip_duration,2026-01-27,16,229,Manhattan,Sutton Place/Turtle Bay North,97,1334.0,662.0,11.2,1.0151057401812689,high,Review source records and operational context for this zone-hour deviation.,"Investigation prompt only. This alert does not establish cause, fraud, fault, or a prescribed action.","","",""
a_c557c90392837a69,high,pending,median_trip_duration,2026-01-27,15,230,Manhattan,Times Sq/Theatre District,117,1445.0,797.0,10.8,0.8130489335006273,high,Review source records and operational context for this zone-hour deviation.,"Investigation prompt only. This alert does not establish cause, fraud, fault, or a prescribed action.","","",""
a_a1cfa9fa68a59184,high,pending,gross_fare_per_trip,2026-01-27,8,239,Manhattan,Upper West Side South,118,50.67694915254236,25.312244897959186,25.364704254583177,1.0020724892966022,high,Review source records and operational context for this zone-hour deviation.,"Investigation prompt only. This alert does not establish cause, fraud, fault, or a prescribed action.","","",""
a_593d2ab04d505bff,high,pending,median_trip_duration,2026-01-27,9,239,Manhattan,Upper West Side South,125,1429.0,733.0,11.6,0.9495225102319236,high,Review source records and operational context for this zone-hour deviation.,"Investigation prompt only. This alert does not establish cause, fraud, fault, or a prescribed action.","","",""
a_59ee195a329bab5a,high,pending,median_trip_duration,2026-01-27,11,239,Manhattan,Upper West Side South,180,1269.0,638.5,10.508333333333333,0.9874706342991386,high,Review source records and operational context for this zone-hour deviation.,"Investigation prompt only. This alert does not establish cause, fraud, fault, or a prescribed action.","","",""
a_f7b5dde8551e6ac1,high,pending,median_trip_duration,2026-01-27,8,262,Manhattan,Yorkville East,89,1571.0,832.0,12.316666666666666,0.8882211538461539,high,Review source records and operational context for this zone-hour deviation.,"Investigation prompt only. This alert does not establish cause, fraud, fault, or a prescribed action.","","",""
a_90f2c945b33beccc,high,pending,median_trip_duration,2026-01-28,9,48,Manhattan,Clinton East,116,1323.0,687.0,10.6,0.925764192139738,high,Review source records and operational context for this zone-hour deviation.,"Investigation prompt only. This alert does not establish cause, fraud, fault, or a prescribed action.","","",""
a_6fd9d9520ca5fc3a,high,pending,median_trip_duration,2026-01-28,15,90,Manhattan,Flatiron,93,1402.0,691.0,11.85,1.0289435600578871,high,Review source records and operational context for this zone-hour deviation.,"Investigation prompt only. This alert does not establish cause, fraud, fault, or a prescribed action.","","",""
a_bcb987b9255feda9,high,pending,trip_volume,2026-01-28,0,132,Queens,JFK Airport,272,272.0,76.0,11.016682404784389,2.5789473684210527,high,Review source records and operational context for this zone-hour deviation.,"Investigation prompt only. This alert does not establish cause, fraud, fault, or a prescribed action.","","",""
a_0c764c505a599bef,high,pending,trip_volume,2026-01-28,1,132,Queens,JFK Airport,195,195.0,62.0,8.970727101038717,2.1451612903225805,high,Review source records and operational context for this zone-hour deviation.,"Investigation prompt only. This alert does not establish cause, fraud, fault, or a prescribed action.","","",""
a_31f7470572e975d8,high,pending,median_trip_duration,2026-01-28,14,140,Manhattan,Lenox Hill East,150,1579.0,845.0,12.233333333333333,0.8686390532544379,high,Review source records and operational context for this zone-hour deviation.,"Investigation prompt only. This alert does not establish cause, fraud, fault, or a prescribed action.","","",""
a_56101ea161357dbf,high,pending,median_trip_duration,2026-01-28,16,140,Manhattan,Lenox Hill East,174,1461.0,788.0,11.216666666666667,0.8540609137055838,high,Review source records and operational context for this zone-hour deviation.,"Investigation prompt only. This alert does not establish cause, fraud, fault, or a prescribed action.","","",""
a_33568d3d23a4ffdb,high,pending,median_trip_duration,2026-01-28,16,141,Manhattan,Lenox Hill West,177,1296.0,564.0,12.2,1.297872340425532,high,Review source records and operational context for this zone-hour deviation.,"Investigation prompt only. This alert does not establish cause, fraud, fault, or a prescribed action.","","",""
a_d30aac1d136aeb54,high,pending,median_fare_per_mile,2026-01-28,17,141,Manhattan,Lenox Hill West,204,14.4,8.0,25.6,0.8,high,Review source records and operational context for this zone-hour deviation.,"Investigation prompt only. This alert does not establish cause, fraud, fault, or a prescribed action.","","",""
a_578e2b2184207ec2,high,pending,median_fare_per_mile,2026-01-28,12,162,Manhattan,Midtown East,189,17.0,9.304347826086957,30.782608695652172,0.8271028037383177,high,Review source records and operational context for this zone-hour deviation.,"Investigation prompt only. This alert does not establish cause, fraud, fault, or a prescribed action.","","",""
a_ccb7b0f7e122e9fe,high,pending,median_trip_duration,2026-01-28,13,162,Manhattan,Midtown East,196,1391.5,740.0,10.858333333333333,0.8804054054054054,high,Review source records and operational context for this zone-hour deviation.,"Investigation prompt only. This alert does not establish cause, fraud, fault, or a prescribed action.","","",""
a_169164d73103cc43,high,pending,median_fare_per_mile,2026-01-28,14,162,Manhattan,Midtown East,191,15.833333333333332,9.014084507042254,11.924310949799874,0.7565104166666664,high,Review source records and operational context for this zone-hour deviation.,"Investigation prompt only. This alert does not establish cause, fraud, fault, or a prescribed action.","","",""
a_8aff613b4283adaa,high,pending,median_trip_duration,2026-01-28,14,162,Manhattan,Midtown East,191,1417.0,787.0,10.5,0.8005082592121983,high,Review source records and operational context for this zone-hour deviation.,"Investigation prompt only. This alert does not establish cause, fraud, fault, or a prescribed action.","","",""
a_b6554faef6e429a1,high,pending,median_fare_per_mile,2026-01-28,13,164,Manhattan,Midtown South,104,16.830708661417322,9.270557029177718,23.21099688580914,0.8155013348653307,high,Review source records and operational context for this zone-hour deviation.,"Investigation prompt only. This alert does not establish cause, fraud, fault, or a prescribed action.","","",""
a_0a974325867cd32a,high,pending,trip_volume,2026-01-28,18,166,Manhattan,Morningside Heights,109,109.0,38.0,71.0,1.868421052631579,high,Review source records and operational context for this zone-hour deviation.,"Investigation prompt only. This alert does not establish cause, fraud, fault, or a prescribed action.","","",""
a_8687f504a8e2e58d,high,pending,median_fare_per_mile,2026-01-28,14,170,Manhattan,Murray Hill,216,16.115800865800864,8.761061946902656,29.418955675592834,0.8394803008439369,high,Review source records and operational context for this zone-hour deviation.,"Investigation prompt only. This alert does not establish cause, fraud, fault, or a prescribed action.","","",""
a_84d255b04ea284a4,high,pending,median_trip_duration,2026-01-28,15,170,Manhattan,Murray Hill,214,1376.5,752.0,10.408333333333333,0.8304521276595744,high,Review source records and operational context for this zone-hour deviation.,"Investigation prompt only. This alert does not establish cause, fraud, fault, or a prescribed action.","","",""
a_5f726a9cfdb0114d,high,pending,median_fare_per_mile,2026-01-28,12,186,Manhattan,Penn Station/Madison Sq West,147,16.996638655462185,9.661016949152543,29.342486825238566,0.7593011941618751,high,Review source records and operational context for this zone-hour deviation.,"Investigation prompt only. This alert does not establish cause, fraud, fault, or a prescribed action.","","",""
a_5674c726413ccdc7,high,pending,median_trip_duration,2026-01-28,13,186,Manhattan,Penn Station/Madison Sq West,150,1586.0,863.0,12.05,0.8377752027809965,high,Review source records and operational context for this zone-hour deviation.,"Investigation prompt only. This alert does not establish cause, fraud, fault, or a prescribed action.","","",""
a_7b92e88c7c41f5a2,high,pending,median_trip_duration,2026-01-28,15,186,Manhattan,Penn Station/Madison Sq West,136,1498.5,772.5,12.1,0.9398058252427185,high,Review source records and operational context for this zone-hour deviation.,"Investigation prompt only. This alert does not establish cause, fraud, fault, or a prescribed action.","","",""
a_28c51a3c7594b330,high,pending,median_trip_duration,2026-01-28,11,229,Manhattan,Sutton Place/Turtle Bay North,117,1589.0,839.0,12.5,0.8939213349225268,high,Review source records and operational context for this zone-hour deviation.,"Investigation prompt only. This alert does not establish cause, fraud, fault, or a prescribed action.","","",""
a_05cdc99b64bba4d8,high,pending,median_fare_per_mile,2026-01-28,12,229,Manhattan,Sutton Place/Turtle Bay North,113,18.618371450113095,10.0,34.47348580045238,0.8618371450113095,high,Review source records and operational context for this zone-hour deviation.,"Investigation prompt only. This alert does not establish cause, fraud, fault, or a prescribed action.","","",""
a_3bb6f6b3aa479985,high,pending,median_trip_duration,2026-01-28,12,229,Manhattan,Sutton Place/Turtle Bay North,113,1681.0,765.0,15.266666666666667,1.1973856209150326,high,Review source records and operational context for this zone-hour deviation.,"Investigation prompt only. This alert does not establish cause, fraud, fault, or a prescribed action.","","",""
a_503cf066a8fa15d9,high,pending,median_trip_duration,2026-01-28,13,229,Manhattan,Sutton Place/Turtle Bay North,106,1728.0,780.0,13.321192499662756,1.2153846153846153,high,Review source records and operational context for this zone-hour deviation.,"Investigation prompt only. This alert does not establish cause, fraud, fault, or a prescribed action.","","",""
a_45109eb7d5f37128,high,pending,median_fare_per_mile,2026-01-28,14,229,Manhattan,Sutton Place/Turtle Bay North,106,20.166666666666668,9.834130781499203,12.533695124482023,1.050681154719429,high,Review source records and operational context for this zone-hour deviation.,"Investigation prompt only. This alert does not establish cause, fraud, fault, or a prescribed action.","","",""
a_ad42f583f36311f4,high,pending,median_trip_duration,2026-01-28,14,229,Manhattan,Sutton Place/Turtle Bay North,106,1518.5,752.0,12.775,1.019281914893617,high,Review source records and operational context for this zone-hour deviation.,"Investigation prompt only. This alert does not establish cause, fraud, fault, or a prescribed action.","","",""
a_9852f670adff4161,high,pending,median_fare_per_mile,2026-01-28,15,229,Manhattan,Sutton Place/Turtle Bay North,97,20.000000000000004,10.238095238095237,19.31721697177438,0.9534883720930237,high,Review source records and operational context for this zone-hour deviation.,"Investigation prompt only. This alert does not establish cause, fraud, fault, or a prescribed action.","","",""
a_01fec152a3700603,high,pending,median_trip_duration,2026-01-28,15,229,Manhattan,Sutton Place/Turtle Bay North,97,1747.0,767.0,15.738117721120554,1.2777053455019556,high,Review source records and operational context for this zone-hour deviation.,"Investigation prompt only. This alert does not establish cause, fraud, fault, or a prescribed action.","","",""
a_a47fc3c786615e39,high,pending,median_fare_per_mile,2026-01-28,16,229,Manhattan,Sutton Place/Turtle Bay North,119,17.36394557823129,8.304093567251462,21.302910420490612,1.0910103478010922,high,Review source records and operational context for this zone-hour deviation.,"Investigation prompt only. This alert does not establish cause, fraud, fault, or a prescribed action.","","",""
a_dfc58750c818b080,high,pending,median_trip_duration,2026-01-28,16,229,Manhattan,Sutton Place/Turtle Bay North,119,1386.0,651.0,12.25,1.1290322580645162,high,Review source records and operational context for this zone-hour deviation.,"Investigation prompt only. This alert does not establish cause, fraud, fault, or a prescribed action.","","",""
a_f73df57256052bbe,high,pending,median_fare_per_mile,2026-01-28,17,229,Manhattan,Sutton Place/Turtle Bay North,110,15.879874213836477,8.26709446665264,14.79352189888046,0.9208531217215258,high,Review source records and operational context for this zone-hour deviation.,"Investigation prompt only. This alert does not establish cause, fraud, fault, or a prescribed action.","","",""
a_57523fba4ec33264,high,pending,median_trip_duration,2026-01-28,14,233,Manhattan,UN/Turtle Bay South,85,1592.0,880.5,11.858333333333333,0.8080636002271436,high,Review source records and operational context for this zone-hour deviation.,"Investigation prompt only. This alert does not establish cause, fraud, fault, or a prescribed action.","","",""
a_871fa2e87b3190ba,high,pending,median_trip_duration,2026-01-28,15,233,Manhattan,UN/Turtle Bay South,80,1725.5,792.0,15.558333333333334,1.1786616161616161,high,Review source records and operational context for this zone-hour deviation.,"Investigation prompt only. This alert does not establish cause, fraud, fault, or a prescribed action.","","",""
a_692adc7af2e82941,high,pending,median_fare_per_mile,2026-01-28,15,234,Manhattan,Union Sq,165,15.385500575373992,8.517989122855948,27.47004581007218,0.8062362317522515,high,Review source records and operational context for this zone-hour deviation.,"Investigation prompt only. This alert does not establish cause, fraud, fault, or a prescribed action.","","",""
a_0ec5569a15424142,high,pending,median_fare_per_mile,2026-01-29,13,107,Manhattan,Gramercy,125,15.192307692307692,8.583937578814627,10.41530811382255,0.7698530019373262,high,Review source records and operational context for this zone-hour deviation.,"Investigation prompt only. This alert does not establish cause, fraud, fault, or a prescribed action.","","",""
a_6ca9e5626565b142,high,pending,trip_volume,2026-01-29,20,125,Manhattan,Hudson Sq,88,88.0,39.5,21.80853455640991,1.2278481012658229,high,Review source records and operational context for this zone-hour deviation.,"Investigation prompt only. This alert does not establish cause, fraud, fault, or a prescribed action.","","",""
a_69db56b0a64bb233,high,pending,trip_volume,2026-01-29,0,138,Queens,LaGuardia Airport,114,114.0,48.5,14.726381581905661,1.3505154639175259,high,Review source records and operational context for this zone-hour deviation.,"Investigation prompt only. This alert does not establish cause, fraud, fault, or a prescribed action.","","",""
a_e49709399e4d65dc,high,pending,median_trip_duration,2026-01-29,13,141,Manhattan,Lenox Hill West,139,1250.0,650.0,10.0,0.9230769230769231,high,Review source records and operational context for this zone-hour deviation.,"Investigation prompt only. This alert does not establish cause, fraud, fault, or a prescribed action.","","",""
a_673ea29f46273223,high,pending,trip_volume,2026-01-29,20,166,Manhattan,Morningside Heights,89,89.0,22.5,9.967474556709686,2.9555555555555557,high,Review source records and operational context for this zone-hour deviation.,"Investigation prompt only. This alert does not establish cause, fraud, fault, or a prescribed action.","","",""
a_18bdb3f93903df03,high,pending,trip_volume,2026-01-29,21,166,Manhattan,Morningside Heights,76,76.0,19.5,38.10872791042763,2.8974358974358974,high,Review source records and operational context for this zone-hour deviation.,"Investigation prompt only. This alert does not establish cause, fraud, fault, or a prescribed action.","","",""
a_b4d48ab6b8dde474,high,pending,trip_volume,2026-01-29,22,166,Manhattan,Morningside Heights,88,88.0,20.5,9.105625252934036,3.292682926829268,high,Review source records and operational context for this zone-hour deviation.,"Investigation prompt only. This alert does not establish cause, fraud, fault, or a prescribed action.","","",""
a_683963feadabc3ea,high,pending,median_fare_per_mile,2026-01-29,13,170,Manhattan,Murray Hill,198,15.15547703180212,8.581508114526983,13.063074570230196,0.7660621920460069,high,Review source records and operational context for this zone-hour deviation.,"Investigation prompt only. This alert does not establish cause, fraud, fault, or a prescribed action.","","",""
a_07c8f922941abcdb,high,pending,median_fare_per_mile,2026-01-29,15,170,Manhattan,Murray Hill,223,15.0,8.567442602040817,20.375343930880742,0.750814180701591,high,Review source records and operational context for this zone-hour deviation.,"Investigation prompt only. This alert does not establish cause, fraud, fault, or a prescribed action.","","",""
a_8bbf9e61091f6854,high,pending,median_trip_duration,2026-01-29,14,186,Manhattan,Penn Station/Madison Sq West,164,1556.5,782.25,12.904166666666667,0.9897730904442313,high,Review source records and operational context for this zone-hour deviation.,"Investigation prompt only. This alert does not establish cause, fraud, fault, or a prescribed action.","","",""
a_5560ba5e0669bf3f,high,pending,median_fare_per_mile,2026-01-29,12,229,Manhattan,Sutton Place/Turtle Bay North,110,20.526908023483365,10.193877551020408,11.855860945282762,1.013650636938308,high,Review source records and operational context for this zone-hour deviation.,"Investigation prompt only. This alert does not establish cause, fraud, fault, or a prescribed action.","","",""
a_00321a31b1c6ffbd,high,pending,median_fare_per_mile,2026-01-29,15,229,Manhattan,Sutton Place/Turtle Bay North,96,17.540983606557376,9.573715263231392,19.71193474108638,0.8322023503169041,high,Review source records and operational context for this zone-hour deviation.,"Investigation prompt only. This alert does not establish cause, fraud, fault, or a prescribed action.","","",""
a_f4e38706d2b43e79,high,pending,median_trip_duration,2026-01-29,15,229,Manhattan,Sutton Place/Turtle Bay North,96,1438.5,780.0,10.975,0.8442307692307692,high,Review source records and operational context for this zone-hour deviation.,"Investigation prompt only. This alert does not establish cause, fraud, fault, or a prescribed action.","","",""
a_3d71d6adc16b3c2f,high,pending,median_trip_duration,2026-01-29,15,233,Manhattan,UN/Turtle Bay South,92,1675.0,924.5,11.125391538179883,0.811790156841536,high,Review source records and operational context for this zone-hour deviation.,"Investigation prompt only. This alert does not establish cause, fraud, fault, or a prescribed action.","","",""
a_21b4b2b10485b30a,high,pending,trip_volume,2026-01-30,18,41,Manhattan,Central Harlem,98,98.0,41.5,15.243491164171052,1.3614457831325302,high,Review source records and operational context for this zone-hour deviation.,"Investigation prompt only. This alert does not establish cause, fraud, fault, or a prescribed action.","","",""
a_d92965d071bf5ff5,high,pending,trip_volume,2026-01-30,21,166,Manhattan,Morningside Heights,94,94.0,21.5,6.112572507756644,3.372093023255814,high,Review source records and operational context for this zone-hour deviation.,"Investigation prompt only. This alert does not establish cause, fraud, fault, or a prescribed action.","","",""
a_939539b25b37bd02,high,pending,median_trip_duration,2026-01-30,11,229,Manhattan,Sutton Place/Turtle Bay North,111,1338.0,723.75,10.2375,0.8487046632124352,high,Review source records and operational context for this zone-hour deviation.,"Investigation prompt only. This alert does not establish cause, fraud, fault, or a prescribed action.","","",""
a_0764aafce3a077dc,high,pending,median_fare_per_mile,2026-01-30,12,229,Manhattan,Sutton Place/Turtle Bay North,92,19.11111111111111,9.039975845410629,22.39948623735319,1.1140666123365084,high,Review source records and operational context for this zone-hour deviation.,"Investigation prompt only. This alert does not establish cause, fraud, fault, or a prescribed action.","","",""
a_256341686c968707,high,pending,median_fare_per_mile,2026-01-30,13,229,Manhattan,Sutton Place/Turtle Bay North,98,16.84561403508772,9.12153865166982,11.749622939790665,0.8467952259352545,high,Review source records and operational context for this zone-hour deviation.,"Investigation prompt only. This alert does not establish cause, fraud, fault, or a prescribed action.","","",""
a_0747842a2d2da7d5,medium,pending,median_trip_duration,2026-01-01,0,48,Manhattan,Clinton East,158,1106.5,599.5,8.240164218183946,0.8457047539616347,high,Review source records and operational context for this zone-hour deviation.,"Investigation prompt only. This alert does not establish cause, fraud, fault, or a prescribed action.","","",""
a_f6938071d3aff477,medium,pending,median_trip_duration,2026-01-01,5,48,Manhattan,Clinton East,98,910.0,500.75,6.820833333333334,0.8172740888666999,high,Review source records and operational context for this zone-hour deviation.,"Investigation prompt only. This alert does not establish cause, fraud, fault, or a prescribed action.","","",""
a_180528ca5457b048,medium,pending,gross_fare_per_trip,2026-01-01,1,50,Manhattan,Clinton West,145,46.726827586206895,25.018833333333333,8.537102102133568,0.867666128298291,high,Review source records and operational context for this zone-hour deviation.,"Investigation prompt only. This alert does not establish cause, fraud, fault, or a prescribed action.","","",""
a_486733e05967e100,medium,pending,median_trip_duration,2026-01-01,1,68,Manhattan,East Chelsea,203,1164.0,580.0,9.733333333333333,1.006896551724138,high,Review source records and operational context for this zone-hour deviation.,"Investigation prompt only. This alert does not establish cause, fraud, fault, or a prescribed action.","","",""
a_674db974cfb38def,medium,pending,median_fare_per_mile,2026-01-01,1,158,Manhattan,Meatpacking/West Village West,127,10.800807635829662,6.067323131258423,6.60730741303356,0.7801602786218289,high,Review source records and operational context for this zone-hour deviation.,"Investigation prompt only. This alert does not establish cause, fraud, fault, or a prescribed action.","","",""
a_e1d710711a7b3078,medium,pending,trip_volume,2026-01-01,0,164,Manhattan,Midtown South,153,153.0,51.5,6.223710189715856,1.970873786407767,high,Review source records and operational context for this zone-hour deviation.,"Investigation prompt only. This alert does not establish cause, fraud, fault, or a prescribed action.","","",""
a_7b468a327c36af82,medium,pending,median_trip_duration,2026-01-01,0,186,Manhattan,Penn Station/Madison Sq West,126,1520.5,694.5,9.94873870227978,1.189344852411807,high,Review source records and operational context for this zone-hour deviation.,"Investigation prompt only. This alert does not establish cause, fraud, fault, or a prescribed action.","","",""
a_246f9157013250d6,medium,pending,median_trip_duration,2026-01-01,1,229,Manhattan,Sutton Place/Turtle Bay North,223,847.0,467.5,6.022805722855715,0.8117647058823529,high,Review source records and operational context for this zone-hour deviation.,"Investigation prompt only. This alert does not establish cause, fraud, fault, or a prescribed action.","","",""
a_cb35a37d4f636248,medium,pending,median_fare_per_mile,2026-01-01,1,232,Manhattan,Two Bridges/Seward Park,85,10.706539493411189,4.810039278032358,6.940255288977284,1.2258736102859666,high,Review source records and operational context for this zone-hour deviation.,"Investigation prompt only. This alert does not establish cause, fraud, fault, or a prescribed action.","","",""
a_8829a7805a983994,medium,pending,median_trip_duration,2026-01-01,0,246,Manhattan,West Chelsea/Hudson Yards,224,1245.5,646.5,6.098414564928008,0.9265274555297757,high,Review source records and operational context for this zone-hour deviation.,"Investigation prompt only. This alert does not establish cause, fraud, fault, or a prescribed action.","","",""
a_504e50498be7762e,medium,pending,trip_volume,2026-01-05,8,143,Manhattan,Lincoln Square West,123,123.0,49.0,9.98246324025361,1.510204081632653,high,Review source records and operational context for this zone-hour deviation.,"Investigation prompt only. This alert does not establish cause, fraud, fault, or a prescribed action.","","",""
a_4dce4ce0e95ed025,medium,pending,median_trip_duration,2026-01-10,9,132,Queens,JFK Airport,151,2494.0,1317.5,7.856815628952617,0.8929791271347248,high,Review source records and operational context for this zone-hour deviation.,"Investigation prompt only. This alert does not establish cause, fraud, fault, or a prescribed action.","","",""
a_6b35496b88b18c9d,medium,pending,trip_volume,2026-01-11,0,142,Manhattan,Lincoln Square East,187,187.0,87.0,7.494341771962169,1.1494252873563218,high,Review source records and operational context for this zone-hour deviation.,"Investigation prompt only. This alert does not establish cause, fraud, fault, or a prescribed action.","","",""
a_e1a90d1c157af9f4,medium,pending,median_trip_duration,2026-01-11,14,161,Manhattan,Midtown Center,172,1032.5,579.5,7.55,0.7817083692838654,high,Review source records and operational context for this zone-hour deviation.,"Investigation prompt only. This alert does not establish cause, fraud, fault, or a prescribed action.","","",""
a_b3de599a79d26dd8,medium,pending,trip_volume,2026-01-12,8,229,Manhattan,Sutton Place/Turtle Bay North,133,133.0,66.0,7.531813480821979,1.0151515151515151,high,Review source records and operational context for this zone-hour deviation.,"Investigation prompt only. This alert does not establish cause, fraud, fault, or a prescribed action.","","",""
a_8894d91a4b93eb5e,medium,pending,trip_volume,2026-01-12,19,230,Manhattan,Times Sq/Theatre District,275,275.0,127.0,6.239039525158506,1.1653543307086613,high,Review source records and operational context for this zone-hour deviation.,"Investigation prompt only. This alert does not establish cause, fraud, fault, or a prescribed action.","","",""
a_908a659bde58c7ad,medium,pending,trip_volume,2026-01-12,20,230,Manhattan,Times Sq/Theatre District,245,245.0,120.0,6.022238923898171,1.0416666666666667,high,Review source records and operational context for this zone-hour deviation.,"Investigation prompt only. This alert does not establish cause, fraud, fault, or a prescribed action.","","",""
a_f918f26e7005952e,medium,pending,trip_volume,2026-01-12,8,234,Manhattan,Union Sq,93,93.0,34.0,9.94873870227978,1.7352941176470589,high,Review source records and operational context for this zone-hour deviation.,"Investigation prompt only. This alert does not establish cause, fraud, fault, or a prescribed action.","","",""
a_f5ae27dc26556fe5,medium,pending,trip_volume,2026-01-12,8,237,Manhattan,Upper East Side South,307,307.0,104.0,7.606756898541602,1.9519230769230769,high,Review source records and operational context for this zone-hour deviation.,"Investigation prompt only. This alert does not establish cause, fraud, fault, or a prescribed action.","","",""
a_396e9d32d2cdcce0,medium,pending,trip_volume,2026-01-12,18,246,Manhattan,West Chelsea/Hudson Yards,304,304.0,116.0,6.0382982276952335,1.6206896551724137,high,Review source records and operational context for this zone-hour deviation.,"Investigation prompt only. This alert does not establish cause, fraud, fault, or a prescribed action.","","",""
a_e77fd3b17358fe26,medium,pending,trip_volume,2026-01-13,0,114,Manhattan,Greenwich Village South,80,80.0,36.0,9.892531138990062,1.2222222222222223,high,Review source records and operational context for this zone-hour deviation.,"Investigation prompt only. This alert does not establish cause, fraud, fault, or a prescribed action.","","",""
a_3c1fb394c318573d,medium,pending,trip_volume,2026-01-18,22,137,Manhattan,Kips Bay,98,98.0,34.0,7.194568101083682,1.8823529411764706,high,Review source records and operational context for this zone-hour deviation.,"Investigation prompt only. This alert does not establish cause, fraud, fault, or a prescribed action.","","",""
a_35079544e472bc75,medium,pending,trip_volume,2026-01-19,16,144,Manhattan,Little Italy/NoLiTa,107,107.0,53.0,7.284500202347228,1.0188679245283019,high,Review source records and operational context for this zone-hour deviation.,"Investigation prompt only. This alert does not establish cause, fraud, fault, or a prescribed action.","","",""
a_d9824b0fd91f9e4d,medium,pending,payment_method_distribution,2026-01-25,4,148,Manhattan,Lower East Side,77,0.20130449919899984,0.0,,0.46979711060572266,changed,Review payment-type mix and source records for this zone-hour shift.,"Investigation prompt only. This alert does not establish cause, fraud, fault, or a prescribed action.","","",""
a_f2ace7b4c1c9f3bb,medium,pending,median_trip_duration,2026-01-27,11,43,Manhattan,Central Park,89,1282.0,679.5,6.3004756989868005,0.8866813833701251,high,Review source records and operational context for this zone-hour deviation.,"Investigation prompt only. This alert does not establish cause, fraud, fault, or a prescribed action.","","",""
a_7050d0d13f1ec9d0,medium,pending,median_trip_duration,2026-01-27,19,43,Manhattan,Central Park,102,851.0,424.0,7.116666666666666,1.0070754716981132,high,Review source records and operational context for this zone-hour deviation.,"Investigation prompt only. This alert does not establish cause, fraud, fault, or a prescribed action.","","",""
a_4b87309889041248,medium,pending,median_trip_duration,2026-01-27,10,48,Manhattan,Clinton East,106,1362.5,772.0,9.841666666666667,0.7648963730569949,high,Review source records and operational context for this zone-hour deviation.,"Investigation prompt only. This alert does not establish cause, fraud, fault, or a prescribed action.","","",""
a_95b17d5eaacaaa24,medium,pending,median_trip_duration,2026-01-27,15,48,Manhattan,Clinton East,98,1206.0,644.0,9.366666666666667,0.8726708074534162,high,Review source records and operational context for this zone-hour deviation.,"Investigation prompt only. This alert does not establish cause, fraud, fault, or a prescribed action.","","",""
a_924649d7e4901055,medium,pending,gross_fare_per_trip,2026-01-27,8,107,Manhattan,Gramercy,89,45.91921348314605,24.93191176470588,7.666988396093881,0.8417846941103899,high,Review source records and operational context for this zone-hour deviation.,"Investigation prompt only. This alert does not establish cause, fraud, fault, or a prescribed action.","","",""
a_8ea93998454ab0a4,medium,pending,median_trip_duration,2026-01-27,10,141,Manhattan,Lenox Hill West,155,1130.0,594.0,8.933333333333334,0.9023569023569024,high,Review source records and operational context for this zone-hour deviation.,"Investigation prompt only. This alert does not establish cause, fraud, fault, or a prescribed action.","","",""
a_aa8ece7ea42199a3,medium,pending,median_trip_duration,2026-01-27,15,141,Manhattan,Lenox Hill West,173,1187.0,622.5,9.408333333333333,0.9068273092369478,high,Review source records and operational context for this zone-hour deviation.,"Investigation prompt only. This alert does not establish cause, fraud, fault, or a prescribed action.","","",""
a_350197f568e4c109,medium,pending,median_trip_duration,2026-01-27,16,141,Manhattan,Lenox Hill West,195,1020.0,523.0,8.283333333333333,0.9502868068833652,high,Review source records and operational context for this zone-hour deviation.,"Investigation prompt only. This alert does not establish cause, fraud, fault, or a prescribed action.","","",""
a_eaa142a3e2281369,medium,pending,median_trip_duration,2026-01-27,17,141,Manhattan,Lenox Hill West,260,1112.0,555.0,9.283333333333333,1.0036036036036036,high,Review source records and operational context for this zone-hour deviation.,"Investigation prompt only. This alert does not establish cause, fraud, fault, or a prescribed action.","","",""
a_89ba95c958d66a93,medium,pending,median_trip_duration,2026-01-27,18,141,Manhattan,Lenox Hill West,259,951.0,508.5,7.375,0.8702064896755162,high,Review source records and operational context for this zone-hour deviation.,"Investigation prompt only. This alert does not establish cause, fraud, fault, or a prescribed action.","","",""
a_65213a833d09386f,medium,pending,median_trip_duration,2026-01-27,8,142,Manhattan,Lincoln Square East,121,1132.0,629.0,7.539307822593941,0.7996820349761526,high,Review source records and operational context for this zone-hour deviation.,"Investigation prompt only. This alert does not establish cause, fraud, fault, or a prescribed action.","","",""
a_a5b6d04eac0832df,medium,pending,median_trip_duration,2026-01-27,9,142,Manhattan,Lincoln Square East,165,1298.0,711.0,6.186344934574397,0.8255977496483825,high,Review source records and operational context for this zone-hour deviation.,"Investigation prompt only. This alert does not establish cause, fraud, fault, or a prescribed action.","","",""
a_6574f7e0b9322bc5,medium,pending,median_trip_duration,2026-01-27,10,142,Manhattan,Lincoln Square East,156,1115.5,598.0,8.625,0.8653846153846154,high,Review source records and operational context for this zone-hour deviation.,"Investigation prompt only. This alert does not establish cause, fraud, fault, or a prescribed action.","","",""
a_370f7ceec25829b7,medium,pending,median_trip_duration,2026-01-27,11,142,Manhattan,Lincoln Square East,148,1271.0,672.0,9.182271930147285,0.8913690476190477,high,Review source records and operational context for this zone-hour deviation.,"Investigation prompt only. This alert does not establish cause, fraud, fault, or a prescribed action.","","",""
a_7781c202dd083c18,medium,pending,median_trip_duration,2026-01-27,15,142,Manhattan,Lincoln Square East,228,1202.5,640.0,9.375,0.87890625,high,Review source records and operational context for this zone-hour deviation.,"Investigation prompt only. This alert does not establish cause, fraud, fault, or a prescribed action.","","",""
a_0063ef6662ea7eb7,medium,pending,median_trip_duration,2026-01-27,14,163,Manhattan,Midtown North,121,1319.0,722.0,9.95,0.8268698060941828,high,Review source records and operational context for this zone-hour deviation.,"Investigation prompt only. This alert does not establish cause, fraud, fault, or a prescribed action.","","",""
a_e53a14e686a4623d,medium,pending,trip_volume,2026-01-27,18,166,Manhattan,Morningside Heights,97,97.0,36.0,8.228787265614462,1.6944444444444444,high,Review source records and operational context for this zone-hour deviation.,"Investigation prompt only. This alert does not establish cause, fraud, fault, or a prescribed action.","","",""
a_0dac6b3b27c05390,medium,pending,median_fare_per_mile,2026-01-27,14,229,Manhattan,Sutton Place/Turtle Bay North,93,17.59852423276874,8.840880102040817,8.462400789607994,0.99058510347927,high,Review source records and operational context for this zone-hour deviation.,"Investigation prompt only. This alert does not establish cause, fraud, fault, or a prescribed action.","","",""
a_b3ab6abb0483785c,medium,pending,median_trip_duration,2026-01-27,14,229,Manhattan,Sutton Place/Turtle Bay North,93,1557.0,702.0,8.480729402242483,1.2179487179487178,high,Review source records and operational context for this zone-hour deviation.,"Investigation prompt only. This alert does not establish cause, fraud, fault, or a prescribed action.","","",""
a_d6b619e3a3709cff,medium,pending,median_trip_duration,2026-01-27,16,230,Manhattan,Times Sq/Theatre District,143,1292.0,725.5,9.441666666666666,0.7808407994486561,high,Review source records and operational context for this zone-hour deviation.,"Investigation prompt only. This alert does not establish cause, fraud, fault, or a prescribed action.","","",""
a_5d6993b8eb6072da,medium,pending,median_trip_duration,2026-01-27,15,234,Manhattan,Union Sq,165,1157.0,648.0,8.483333333333333,0.7854938271604939,high,Review source records and operational context for this zone-hour deviation.,"Investigation prompt only. This alert does not establish cause, fraud, fault, or a prescribed action.","","",""
a_2de91e4ea753879b,medium,pending,median_trip_duration,2026-01-27,15,246,Manhattan,West Chelsea/Hudson Yards,85,1311.0,736.5,9.575,0.780040733197556,high,Review source records and operational context for this zone-hour deviation.,"Investigation prompt only. This alert does not establish cause, fraud, fault, or a prescribed action.","","",""
a_534ddaeb209868d6,medium,pending,median_trip_duration,2026-01-27,10,262,Manhattan,Yorkville East,144,1269.0,707.0,8.240517539692316,0.7949080622347949,high,Review source records and operational context for this zone-hour deviation.,"Investigation prompt only. This alert does not establish cause, fraud, fault, or a prescribed action.","","",""
a_1f54ccf6e452423b,medium,pending,median_trip_duration,2026-01-27,13,262,Manhattan,Yorkville East,91,1294.0,737.5,6.308472397457567,0.7545762711864407,high,Review source records and operational context for this zone-hour deviation.,"Investigation prompt only. This alert does not establish cause, fraud, fault, or a prescribed action.","","",""
a_d9af3878436b9ab8,medium,pending,median_trip_duration,2026-01-27,15,262,Manhattan,Yorkville East,128,1238.5,657.0,9.691666666666666,0.8850837138508372,high,Review source records and operational context for this zone-hour deviation.,"Investigation prompt only. This alert does not establish cause, fraud, fault, or a prescribed action.","","",""
a_0150df0266f84952,medium,pending,median_trip_duration,2026-01-27,16,262,Manhattan,Yorkville East,126,1175.5,602.5,9.55,0.9510373443983402,high,Review source records and operational context for this zone-hour deviation.,"Investigation prompt only. This alert does not establish cause, fraud, fault, or a prescribed action.","","",""
a_9743c7406174cf77,medium,pending,median_trip_duration,2026-01-27,17,262,Manhattan,Yorkville East,172,1181.5,665.0,8.608333333333333,0.7766917293233083,high,Review source records and operational context for this zone-hour deviation.,"Investigation prompt only. This alert does not establish cause, fraud, fault, or a prescribed action.","","",""
a_f406c01503262935,medium,pending,median_trip_duration,2026-01-27,10,263,Manhattan,Yorkville West,113,1064.0,598.5,7.758333333333334,0.7777777777777778,high,Review source records and operational context for this zone-hour deviation.,"Investigation prompt only. This alert does not establish cause, fraud, fault, or a prescribed action.","","",""
a_e173f7eceb8e73b9,medium,pending,median_trip_duration,2026-01-27,14,263,Manhattan,Yorkville West,121,1085.0,553.5,8.858333333333333,0.960252935862692,high,Review source records and operational context for this zone-hour deviation.,"Investigation prompt only. This alert does not establish cause, fraud, fault, or a prescribed action.","","",""
a_a0da3c887c18862a,medium,pending,median_trip_duration,2026-01-27,16,263,Manhattan,Yorkville West,181,1037.0,532.0,6.613938515255934,0.9492481203007519,high,Review source records and operational context for this zone-hour deviation.,"Investigation prompt only. This alert does not establish cause, fraud, fault, or a prescribed action.","","",""
a_72ff9706da2380c7,medium,pending,median_trip_duration,2026-01-27,17,263,Manhattan,Yorkville West,192,983.5,549.5,7.233333333333333,0.7898089171974523,high,Review source records and operational context for this zone-hour deviation.,"Investigation prompt only. This alert does not establish cause, fraud, fault, or a prescribed action.","","",""
a_78bbfab596bed89d,medium,pending,median_trip_duration,2026-01-28,16,90,Manhattan,Flatiron,91,994.0,560.0,7.233333333333333,0.775,high,Review source records and operational context for this zone-hour deviation.,"Investigation prompt only. This alert does not establish cause, fraud, fault, or a prescribed action.","","",""
a_dd2f9195ce7915d9,medium,pending,median_trip_duration,2026-01-28,17,140,Manhattan,Lenox Hill East,217,1295.0,733.0,9.366666666666667,0.7667121418826739,high,Review source records and operational context for this zone-hour deviation.,"Investigation prompt only. This alert does not establish cause, fraud, fault, or a prescribed action.","","",""
a_fd1ba5342bd2a097,medium,pending,median_trip_duration,2026-01-28,13,141,Manhattan,Lenox Hill West,154,1072.5,607.5,7.75,0.7654320987654321,high,Review source records and operational context for this zone-hour deviation.,"Investigation prompt only. This alert does not establish cause, fraud, fault, or a prescribed action.","","",""
a_114df715a36b8ba2,medium,pending,median_trip_duration,2026-01-28,15,141,Manhattan,Lenox Hill West,184,1225.5,647.0,9.641666666666667,0.8941267387944358,high,Review source records and operational context for this zone-hour deviation.,"Investigation prompt only. This alert does not establish cause, fraud, fault, or a prescribed action.","","",""
a_24a973f4be1ff58b,medium,pending,median_trip_duration,2026-01-28,15,161,Manhattan,Midtown Center,293,1447.0,782.0,8.543549620036872,0.850383631713555,high,Review source records and operational context for this zone-hour deviation.,"Investigation prompt only. This alert does not establish cause, fraud, fault, or a prescribed action.","","",""
a_a8d66634b38af25a,medium,pending,median_fare_per_mile,2026-01-28,13,229,Manhattan,Sutton Place/Turtle Bay North,106,18.625,10.209890109890111,9.18231532504794,0.8242116026261972,high,Review source records and operational context for this zone-hour deviation.,"Investigation prompt only. This alert does not establish cause, fraud, fault, or a prescribed action.","","",""
a_0abfd3168b3ffcb1,medium,pending,median_trip_duration,2026-01-28,17,229,Manhattan,Sutton Place/Turtle Bay North,110,1378.5,785.5,6.722235636464218,0.75493316359007,high,Review source records and operational context for this zone-hour deviation.,"Investigation prompt only. This alert does not establish cause, fraud, fault, or a prescribed action.","","",""
a_46321dd85992e745,medium,pending,median_trip_duration,2026-01-28,15,234,Manhattan,Union Sq,165,1212.0,678.5,8.891666666666667,0.7862932940309506,high,Review source records and operational context for this zone-hour deviation.,"Investigation prompt only. This alert does not establish cause, fraud, fault, or a prescribed action.","","",""
a_43d13de6427df581,medium,pending,median_trip_duration,2026-01-28,17,237,Manhattan,Upper East Side South,521,1015.0,560.5,7.575,0.8108831400535237,high,Review source records and operational context for this zone-hour deviation.,"Investigation prompt only. This alert does not establish cause, fraud, fault, or a prescribed action.","","",""
a_74406837cccb090c,medium,pending,median_trip_duration,2026-01-28,9,262,Manhattan,Yorkville East,83,1380.0,783.5,9.941666666666666,0.7613273771537971,high,Review source records and operational context for this zone-hour deviation.,"Investigation prompt only. This alert does not establish cause, fraud, fault, or a prescribed action.","","",""
a_3919d40abf30f229,medium,pending,median_trip_duration,2026-01-28,12,262,Manhattan,Yorkville East,121,1300.0,729.0,9.516666666666667,0.7832647462277091,high,Review source records and operational context for this zone-hour deviation.,"Investigation prompt only. This alert does not establish cause, fraud, fault, or a prescribed action.","","",""
a_38084baf1cf96080,medium,pending,median_trip_duration,2026-01-28,16,262,Manhattan,Yorkville East,139,1342.0,602.0,8.605571758839318,1.2292358803986712,high,Review source records and operational context for this zone-hour deviation.,"Investigation prompt only. This alert does not establish cause, fraud, fault, or a prescribed action.","","",""
a_50569407b53a53d6,medium,pending,median_trip_duration,2026-01-28,12,263,Manhattan,Yorkville West,114,1077.0,594.0,8.05,0.8131313131313131,high,Review source records and operational context for this zone-hour deviation.,"Investigation prompt only. This alert does not establish cause, fraud, fault, or a prescribed action.","","",""
a_d97501134cd12575,medium,pending,median_trip_duration,2026-01-28,16,263,Manhattan,Yorkville West,133,975.0,553.0,7.033333333333333,0.7631103074141049,high,Review source records and operational context for this zone-hour deviation.,"Investigation prompt only. This alert does not establish cause, fraud, fault, or a prescribed action.","","",""
a_bd096a46bc2a0363,medium,pending,median_trip_duration,2026-01-28,17,263,Manhattan,Yorkville West,188,992.0,480.0,8.533333333333333,1.0666666666666667,high,Review source records and operational context for this zone-hour deviation.,"Investigation prompt only. This alert does not establish cause, fraud, fault, or a prescribed action.","","",""
a_dd2197eef6bc9703,medium,pending,median_trip_duration,2026-01-29,15,48,Manhattan,Clinton East,108,1230.5,645.0,6.750672473052077,0.9077519379844962,high,Review source records and operational context for this zone-hour deviation.,"Investigation prompt only. This alert does not establish cause, fraud, fault, or a prescribed action.","","",""
a_1e3280ababae1c10,medium,pending,median_trip_duration,2026-01-29,15,90,Manhattan,Flatiron,82,1112.0,613.0,8.316666666666666,0.8140293637846656,high,Review source records and operational context for this zone-hour deviation.,"Investigation prompt only. This alert does not establish cause, fraud, fault, or a prescribed action.","","",""
a_776c0e2e23dbc758,medium,pending,median_fare_per_mile,2026-01-29,13,100,Manhattan,Garment District,75,16.601555747623163,9.29604082306654,7.3547475274769285,0.7858737997825087,high,Review source records and operational context for this zone-hour deviation.,"Investigation prompt only. This alert does not establish cause, fraud, fault, or a prescribed action.","","",""
a_f5d646773db7bbc6,medium,pending,median_trip_duration,2026-01-29,15,137,Manhattan,Kips Bay,96,1567.5,850.5,7.383356863278149,0.8430335097001763,high,Review source records and operational context for this zone-hour deviation.,"Investigation prompt only. This alert does not establish cause, fraud, fault, or a prescribed action.","","",""
a_e50a5295cf0a93cf,medium,pending,median_trip_duration,2026-01-29,17,140,Manhattan,Lenox Hill East,200,1415.0,774.5,8.000209841569616,0.8269851517107811,high,Review source records and operational context for this zone-hour deviation.,"Investigation prompt only. This alert does not establish cause, fraud, fault, or a prescribed action.","","",""
a_dbcf25e04acebbfe,medium,pending,median_trip_duration,2026-01-29,16,141,Manhattan,Lenox Hill West,235,1134.0,631.0,7.1425021477205775,0.7971473851030111,high,Review source records and operational context for this zone-hour deviation.,"Investigation prompt only. This alert does not establish cause, fraud, fault, or a prescribed action.","","",""
a_bbcc2f28180e5967,medium,pending,median_trip_duration,2026-01-29,17,141,Manhattan,Lenox Hill West,281,1123.0,567.25,8.567959761808407,0.9797267518730718,high,Review source records and operational context for this zone-hour deviation.,"Investigation prompt only. This alert does not establish cause, fraud, fault, or a prescribed action.","","",""
a_e648202f380ad4ef,medium,pending,median_fare_per_mile,2026-01-29,13,161,Manhattan,Midtown Center,232,16.176470588235293,9.155324749396836,8.678560024349306,0.766892058012581,high,Review source records and operational context for this zone-hour deviation.,"Investigation prompt only. This alert does not establish cause, fraud, fault, or a prescribed action.","","",""
a_879fdce2bee99260,medium,pending,median_trip_duration,2026-01-29,16,161,Manhattan,Midtown Center,384,1390.0,790.75,9.623537800389277,0.7578248498261144,high,Review source records and operational context for this zone-hour deviation.,"Investigation prompt only. This alert does not establish cause, fraud, fault, or a prescribed action.","","",""
a_4ce7b0fabe70d926,medium,pending,median_fare_per_mile,2026-01-29,13,162,Manhattan,Midtown East,224,16.097560975609756,8.83524684270953,6.951326240734673,0.8219707114230519,high,Review source records and operational context for this zone-hour deviation.,"Investigation prompt only. This alert does not establish cause, fraud, fault, or a prescribed action.","","",""
a_d69e94618ce7ec8a,medium,pending,median_trip_duration,2026-01-29,13,164,Manhattan,Midtown South,98,1320.0,737.0,9.716666666666667,0.7910447761194029,high,Review source records and operational context for this zone-hour deviation.,"Investigation prompt only. This alert does not establish cause, fraud, fault, or a prescribed action.","","",""
a_227369fcd28b662c,medium,pending,median_trip_duration,2026-01-29,14,164,Manhattan,Midtown South,114,1233.5,686.5,9.116666666666667,0.7967953386744355,high,Review source records and operational context for this zone-hour deviation.,"Investigation prompt only. This alert does not establish cause, fraud, fault, or a prescribed action.","","",""
a_da8afb1f7fa367cc,medium,pending,median_trip_duration,2026-01-29,12,170,Manhattan,Murray Hill,197,1506.0,824.0,8.070222771281367,0.8276699029126213,high,Review source records and operational context for this zone-hour deviation.,"Investigation prompt only. This alert does not establish cause, fraud, fault, or a prescribed action.","","",""
a_4224ed3b92368efa,medium,pending,median_trip_duration,2026-01-29,15,186,Manhattan,Penn Station/Madison Sq West,192,1539.0,825.25,9.977570561169323,0.8648894274462284,high,Review source records and operational context for this zone-hour deviation.,"Investigation prompt only. This alert does not establish cause, fraud, fault, or a prescribed action.","","",""
a_6730e7e1f8837b06,medium,pending,median_fare_per_mile,2026-01-29,13,229,Manhattan,Sutton Place/Turtle Bay North,97,21.325301204819276,9.078088336783988,8.240800736317325,1.3490960226075521,high,Review source records and operational context for this zone-hour deviation.,"Investigation prompt only. This alert does not establish cause, fraud, fault, or a prescribed action.","","",""
a_4854f243050c0c93,medium,pending,median_trip_duration,2026-01-29,14,229,Manhattan,Sutton Place/Turtle Bay North,114,1682.5,733.25,8.234859851230327,1.2945789294237982,high,Review source records and operational context for this zone-hour deviation.,"Investigation prompt only. This alert does not establish cause, fraud, fault, or a prescribed action.","","",""
a_4e221df775cb1c1d,medium,pending,median_fare_per_mile,2026-01-29,14,233,Manhattan,UN/Turtle Bay South,80,14.529914529914532,8.257709777671527,7.457460009743515,0.7595574222289528,high,Review source records and operational context for this zone-hour deviation.,"Investigation prompt only. This alert does not establish cause, fraud, fault, or a prescribed action.","","",""
a_e92b00956dc023b0,medium,pending,median_trip_duration,2026-01-29,12,234,Manhattan,Union Sq,145,1338.0,746.5,9.858333333333333,0.7923643670462157,high,Review source records and operational context for this zone-hour deviation.,"Investigation prompt only. This alert does not establish cause, fraud, fault, or a prescribed action.","","",""
a_0e54f0c44dbc8af2,medium,pending,median_trip_duration,2026-01-29,15,262,Manhattan,Yorkville East,143,1164.0,663.0,8.35,0.755656108597285,high,Review source records and operational context for this zone-hour deviation.,"Investigation prompt only. This alert does not establish cause, fraud, fault, or a prescribed action.","","",""
a_42d36f41bb67b865,medium,pending,median_trip_duration,2026-01-30,16,140,Manhattan,Lenox Hill East,201,1251.0,693.0,9.3,0.8051948051948052,high,Review source records and operational context for this zone-hour deviation.,"Investigation prompt only. This alert does not establish cause, fraud, fault, or a prescribed action.","","",""
a_1babfd001beeae4b,medium,pending,median_trip_duration,2026-01-30,13,141,Manhattan,Lenox Hill West,152,1132.5,586.75,9.095833333333333,0.9301235619940349,high,Review source records and operational context for this zone-hour deviation.,"Investigation prompt only. This alert does not establish cause, fraud, fault, or a prescribed action.","","",""
a_edf607499f624b9b,medium,pending,median_trip_duration,2026-01-30,16,141,Manhattan,Lenox Hill West,233,1079.0,603.0,7.933333333333334,0.7893864013266998,high,Review source records and operational context for this zone-hour deviation.,"Investigation prompt only. This alert does not establish cause, fraud, fault, or a prescribed action.","","",""
a_8a25eb4dc87864cd,medium,pending,median_trip_duration,2026-01-30,15,263,Manhattan,Yorkville West,175,1171.0,629.75,9.020833333333334,0.8594680428741565,high,Review source records and operational context for this zone-hour deviation.,"Investigation prompt only. This alert does not establish cause, fraud, fault, or a prescribed action.","","",""
